z1,z2,est,sd,trial,case
LBXD05LA,LBX194LA,0.1497520798962393,0.6182653841437895,101,2
LBXD05LA,LBX194LA,5.337454091933758e-4,0.2067458571610794,102,2
LBXD05LA,LBX194LA,0.25354365685502334,0.5840680238545348,103,2
LBXD05LA,LBX194LA,-0.0681071150747603,0.42952519660561084,104,2
LBXD05LA,LBX194LA,0.1400766838661438,0.37277537282374534,105,2
LBXD05LA,LBX194LA,0.028518761457031694,0.43036001156496906,106,2
LBXD05LA,LBX194LA,-0.06143644807002957,0.5751408600752576,107,2
LBXD05LA,LBX194LA,0.0803424856764039,0.4250920390939719,108,2
LBXD05LA,LBX194LA,0.06559779945959376,0.4131981386882443,109,2
LBXD05LA,LBX194LA,0.08267333553037615,0.4048263226998749,110,2
LBXD05LA,LBX194LA,0.020612791282387022,0.21744529201426607,111,2
LBXD05LA,LBX194LA,0.05842833935104963,0.5559234494747552,112,2
LBXD05LA,LBX194LA,0.018459181395156232,0.5824666228026554,113,2
LBXD05LA,LBX194LA,-0.12337681909586085,0.9024039464119809,114,2
LBXD05LA,LBX194LA,0.10907536200595436,0.33863030554230383,115,2
LBXD05LA,LBX194LA,-0.04656000198407284,0.6022214475816542,116,2
LBXD05LA,LBX194LA,0.07563323839320724,0.5834462906502034,117,2
LBXD05LA,LBX194LA,0.33485624340190423,0.873086407164809,118,2
LBXD05LA,LBX194LA,0.07489638685741173,0.45704508515443265,119,2
LBXD05LA,LBX194LA,0.3708931798668491,1.043667934405055,120,2
LBXD05LA,LBX194LA,0.040873619546886175,0.3028922522895418,121,2
LBXD05LA,LBX194LA,-0.077585188251863,0.4897536139275214,122,2
LBXD05LA,LBX194LA,0.004017080613746948,0.22236699358214035,123,2
LBXD05LA,LBX194LA,0.12697872740803717,0.4622267982623682,124,2
LBXD05LA,LBX194LA,0.019967599767804045,0.3463630062605519,125,2
LBXD05LA,LBX194LA,0.027155922013330613,0.25357682120470804,126,2
LBXD05LA,LBX194LA,0.4680812791187696,0.6591651690391166,127,2
LBXD05LA,LBX194LA,0.03080802724705256,0.21038063506850888,128,2
LBXD05LA,LBX194LA,-0.048732218470339816,0.48025750661748556,129,2
LBXD05LA,LBX194LA,0.023086728227665887,0.19564385620314168,130,2
LBXD05LA,LBX194LA,0.04640979964713754,0.8378276475656721,131,2
LBXD05LA,LBX194LA,-0.018246883357238453,0.25552950226808036,132,2
LBXD05LA,LBX194LA,0.1534302646201322,0.5117571887199053,133,2
LBXD05LA,LBX194LA,0.2702394327911227,0.5184252471462122,134,2
LBXD05LA,LBX194LA,0.0626527137571733,0.5627047643194412,135,2
LBXD05LA,LBX194LA,-0.19466773763454626,0.913952638889577,136,2
LBXD05LA,LBX194LA,0.0340361198418897,0.5977429244533711,137,2
LBXD05LA,LBX194LA,0.1031899700131147,0.39107656366055155,138,2
LBXD05LA,LBX194LA,0.028976955447598485,0.6289262280161964,139,2
LBXD05LA,LBX194LA,0.056985477075159,0.6485543906812133,140,2
LBXD05LA,LBX194LA,0.007927869815437916,0.1823062630844344,141,2
LBXD05LA,LBX194LA,-0.10803582146282142,0.6451589762203023,142,2
LBXD05LA,LBX194LA,0.23002589120772843,0.48017397135367484,143,2
LBXD05LA,LBX194LA,-0.18439905732266215,0.7338304748912405,144,2
LBXD05LA,LBX194LA,-0.0026187990304853415,0.47951821923698323,145,2
LBXD05LA,LBX194LA,0.05187589629600842,0.33474299028283816,146,2
LBXD05LA,LBX194LA,0.06350163761929739,0.3891947512651761,147,2
LBXD05LA,LBX194LA,0.3627353869622576,0.9894199410287534,148,2
LBXD05LA,LBX194LA,0.4218020397025368,0.6697532654056589,149,2
LBXD05LA,LBX194LA,0.2890241671342815,0.6414314129334155,150,2
LBXD05LA,LBX194LA,-0.03659630876078701,0.22507138377406516,151,2
LBXD05LA,LBX194LA,0.0575963335419174,0.5414283496210834,152,2
LBXD05LA,LBX194LA,-0.02456021733833813,0.43971128442169854,153,2
LBXD05LA,LBX194LA,0.1321286401511479,0.39574304826981455,154,2
LBXD05LA,LBX194LA,0.16028235366242982,0.3477107397026389,155,2
LBXD05LA,LBX194LA,0.22163292668431112,0.9884327991083106,156,2
LBXD05LA,LBX194LA,0.4427473182738684,1.4566007548382216,157,2
LBXD05LA,LBX194LA,0.21365509781700132,0.7189792266615751,158,2
LBXD05LA,LBX194LA,0.06465208022487179,0.3867871509841843,159,2
LBXD05LA,LBX194LA,0.06188224572111656,0.6669681281688985,160,2
LBXD05LA,LBX194LA,0.06916743213849141,0.489695379765025,161,2
LBXD05LA,LBX194LA,0.01589074596576623,0.2761384759767681,162,2
LBXD05LA,LBX194LA,0.15839615880971625,0.8222663511553301,163,2
LBXD05LA,LBX194LA,0.357247902035116,1.0488721763606421,164,2
LBXD05LA,LBX194LA,5.796673855762435e-4,0.08687121226625635,165,2
LBXD05LA,LBX194LA,-0.01993596539562592,0.38559014493705657,166,2
LBXD05LA,LBX194LA,0.027149090593841407,0.4249944751512512,167,2
LBXD05LA,LBX194LA,0.1632788183797782,0.5125715658668981,168,2
LBXD05LA,LBX194LA,-0.005693978999616434,0.4640741450969079,169,2
LBXD05LA,LBX194LA,0.17326177658088326,0.7046510370019705,170,2
LBXD05LA,LBX194LA,0.23149134692923656,0.7446287075208993,171,2
LBXD05LA,LBX194LA,0.04561188490807755,0.5645990437700016,172,2
LBXD05LA,LBX194LA,0.24662347602880885,0.638710177418267,173,2
LBXD05LA,LBX194LA,0.9242193491898627,0.9421023563327882,174,2
LBXD05LA,LBX194LA,0.09243288666228278,0.4425200116905226,175,2
LBXD05LA,LBX194LA,0.09151985607077551,0.7031824463182877,176,2
LBXD05LA,LBX194LA,-0.07080716837126655,0.5556324024622734,177,2
LBXD05LA,LBX194LA,0.044628043720943644,0.3781997088791749,178,2
LBXD05LA,LBX194LA,0.12546289029765134,0.6062058016477956,179,2
LBXD05LA,LBX194LA,-0.027944888202171114,0.24966766631802956,180,2
LBXD05LA,LBX194LA,0.5255950939136094,1.200481274430678,181,2
LBXD05LA,LBX194LA,0.06018782781015486,0.2766566440488931,182,2
LBXD05LA,LBX194LA,0.0825231778057578,0.39349838258495706,183,2
LBXD05LA,LBX194LA,0.10840309978039642,0.4641758666993954,184,2
LBXD05LA,LBX194LA,0.002168444948792647,0.8937165476722753,185,2
LBXD05LA,LBX194LA,-0.05256920589151903,0.478064256829962,186,2
LBXD05LA,LBX194LA,-0.043864277677583274,0.8975810847908432,187,2
LBXD05LA,LBX194LA,1.0977234166012986,1.0867445350390497,188,2
LBXD05LA,LBX194LA,0.024918797775409507,0.5802084393804608,189,2
LBXD05LA,LBX194LA,-0.0052439548217151355,0.28048381522514465,190,2
LBXD05LA,LBX194LA,-0.22916415817838054,0.9776179126792902,191,2
LBXD05LA,LBX194LA,-0.18929413799623784,0.7541445205917713,192,2
LBXD05LA,LBX194LA,0.2616594024060577,0.530875280550182,193,2
LBXD05LA,LBX194LA,-0.5325529587148248,1.7640477893657853,194,2
LBXD05LA,LBX194LA,0.12485900007688056,0.5470073428515866,195,2
LBXD05LA,LBX194LA,0.2968155164777677,0.8769756308504785,196,2
LBXD05LA,LBX194LA,0.09481602382710541,0.4007060298024585,197,2
LBXD05LA,LBX194LA,-0.0355480723152648,0.47669686083076357,198,2
LBXD05LA,LBX194LA,0.386128034825191,0.7740843422757985,199,2
LBXD05LA,LBX194LA,0.11978569044665832,0.5206785508320293,200,2
LBXD05LA,LBX194LA,0.28234169096289996,0.6126379114646253,201,3
LBXD05LA,LBX194LA,0.32703162879374315,1.066074163823345,202,3
LBXD05LA,LBX194LA,0.49017131759027865,0.6245240735865979,203,3
LBXD05LA,LBX194LA,0.3397610693643438,0.7231437154344056,204,3
LBXD05LA,LBX194LA,0.3859207702599319,0.6344573716700532,205,3
LBXD05LA,LBX194LA,0.03247772033491669,0.29489254598973086,206,3
LBXD05LA,LBX194LA,0.2097643332523349,0.5868961258523104,207,3
LBXD05LA,LBX194LA,0.4165926111532734,0.8010435024840453,208,3
LBXD05LA,LBX194LA,0.0359815755573214,0.1949190550142229,209,3
LBXD05LA,LBX194LA,0.31667295453917177,0.7733986892482397,210,3
LBXD05LA,LBX194LA,0.13444692544866665,0.4836029026524957,211,3
LBXD05LA,LBX194LA,0.2939629404883881,0.672934012344048,212,3
LBXD05LA,LBX194LA,0.7211009757559994,2.0803128822238106,213,3
LBXD05LA,LBX194LA,0.18544751818484695,0.40145836096600734,214,3
LBXD05LA,LBX194LA,0.15532859568225987,0.35920871978593755,215,3
LBXD05LA,LBX194LA,0.03604217124788933,0.22566841991201314,216,3
LBXD05LA,LBX194LA,0.03799139601132673,0.5405226450303002,217,3
LBXD05LA,LBX194LA,0.5074815055051571,0.7293509318920178,218,3
LBXD05LA,LBX194LA,0.1294041370092125,0.34142308350238126,219,3
LBXD05LA,LBX194LA,0.33077367723267326,0.6871327349534757,220,3
LBXD05LA,LBX194LA,0.34063924987955563,0.5164103970781283,221,3
LBXD05LA,LBX194LA,0.2559806091919856,0.7893332856211478,222,3
LBXD05LA,LBX194LA,0.5212568115626244,0.8627600305792348,223,3
LBXD05LA,LBX194LA,0.1653613448422746,0.510204372458104,224,3
LBXD05LA,LBX194LA,0.32716469053996367,0.5773918450490948,225,3
LBXD05LA,LBX194LA,0.12945452570618077,0.6355773519231476,226,3
LBXD05LA,LBX194LA,0.7066676904046263,1.195706593592051,227,3
LBXD05LA,LBX194LA,0.03570945233706002,0.4944794405621672,228,3
LBXD05LA,LBX194LA,0.06218614924506216,0.268819486135629,229,3
LBXD05LA,LBX194LA,0.0347177708854014,0.5047300365476367,230,3
LBXD05LA,LBX194LA,0.5812540807918336,0.7362988643433791,231,3
LBXD05LA,LBX194LA,0.9238475233750947,1.0516679685416481,232,3
LBXD05LA,LBX194LA,0.34294313556098155,0.664779438667834,233,3
LBXD05LA,LBX194LA,0.23751274520619692,0.6841222481991422,234,3
LBXD05LA,LBX194LA,0.13154128740024085,0.48888854838909707,235,3
LBXD05LA,LBX194LA,0.9804177264385929,1.081474949867314,236,3
LBXD05LA,LBX194LA,0.15313343559785508,0.39443435458052617,237,3
LBXD05LA,LBX194LA,0.9250807942762136,0.8903751877618354,238,3
LBXD05LA,LBX194LA,0.09065001050447208,0.8055230437320376,239,3
LBXD05LA,LBX194LA,0.3759642637337599,0.7722951405030879,240,3
LBXD05LA,LBX194LA,1.9867605430176152,1.3605253656298961,241,3
LBXD05LA,LBX194LA,0.12381525698547557,0.4589701297788188,242,3
LBXD05LA,LBX194LA,1.2570162678675256,1.041651009428166,243,3
LBXD05LA,LBX194LA,0.4266947886798551,0.8086875111802008,244,3
LBXD05LA,LBX194LA,0.0048892528744652886,0.5310304791838532,245,3
LBXD05LA,LBX194LA,0.09227572747553126,0.3875578449287729,246,3
LBXD05LA,LBX194LA,0.1045722483242848,0.4229093972057112,247,3
LBXD05LA,LBX194LA,0.4365881376590992,0.8630707759215827,248,3
LBXD05LA,LBX194LA,0.06570018374404407,0.288227029229602,249,3
LBXD05LA,LBX194LA,0.5911874085557924,0.8007407178636232,250,3
LBXD05LA,LBX194LA,0.0018078308088025352,0.0790704363190559,251,3
LBXD05LA,LBX194LA,1.1499306626327606,1.0759645203597035,252,3
LBXD05LA,LBX194LA,0.17701124174521787,0.6277731482691363,253,3
LBXD05LA,LBX194LA,0.045762701548887286,0.18894918753273,254,3
LBXD05LA,LBX194LA,0.048730041862952156,0.23498223274862776,255,3
LBXD05LA,LBX194LA,0.11458580729688261,0.5701903476876565,256,3
LBXD05LA,LBX194LA,0.07549349895167268,0.6142434849789671,257,3
LBXD05LA,LBX194LA,0.4378598573886068,0.8671500222041205,258,3
LBXD05LA,LBX194LA,-0.11144929407183923,0.6926921497252359,259,3
LBXD05LA,LBX194LA,0.03903510165889923,0.3317007515153749,260,3
LBXD05LA,LBX194LA,0.06020977944225869,0.694768609412867,261,3
LBXD05LA,LBX194LA,0.08174221271952331,1.2244713903872921,262,3
LBXD05LA,LBX194LA,0.9023921134906872,1.729145786504251,263,3
LBXD05LA,LBX194LA,0.31398426958506276,0.6281922984219115,264,3
LBXD05LA,LBX194LA,0.7677325217648385,1.1783265402281875,265,3
LBXD05LA,LBX194LA,0.9157887767223016,1.1907149069615688,266,3
LBXD05LA,LBX194LA,2.150095687240341,1.792021686414327,267,3
LBXD05LA,LBX194LA,0.23136407424006955,0.6430459172236509,268,3
LBXD05LA,LBX194LA,0.46270992397138144,0.7619731953030081,269,3
LBXD05LA,LBX194LA,0.16089951215113896,0.5565466652928958,270,3
LBXD05LA,LBX194LA,0.12783824365023877,0.4104782987822139,271,3
LBXD05LA,LBX194LA,0.4000360372133187,0.6445089836223077,272,3
LBXD05LA,LBX194LA,0.012184127709837789,0.3249891178470807,273,3
LBXD05LA,LBX194LA,0.10849168872523185,0.3532365211206923,274,3
LBXD05LA,LBX194LA,0.15193891803573223,0.5630455035833414,275,3
LBXD05LA,LBX194LA,0.44538121640935824,0.6299483436142853,276,3
LBXD05LA,LBX194LA,2.3782963100313346,1.0801084007091968,277,3
LBXD05LA,LBX194LA,0.2074889703288756,0.42043842771445356,278,3
LBXD05LA,LBX194LA,0.042831940182225914,0.20726032974502,279,3
LBXD05LA,LBX194LA,0.24727184251133583,0.5329357038318716,280,3
LBXD05LA,LBX194LA,-0.0443521628325807,0.5289516266155855,281,3
LBXD05LA,LBX194LA,1.6007249773376815,1.495085081674077,282,3
LBXD05LA,LBX194LA,0.19624056643938648,1.138503882801565,283,3
LBXD05LA,LBX194LA,0.09334152165590881,0.7650140493788031,284,3
LBXD05LA,LBX194LA,0.09875084380515986,0.806450386723544,285,3
LBXD05LA,LBX194LA,0.06832163669029523,0.5709920627816865,286,3
LBXD05LA,LBX194LA,0.30011663504834196,0.7186893229291785,287,3
LBXD05LA,LBX194LA,0.07489505962703102,0.3514262501629748,288,3
LBXD05LA,LBX194LA,0.2818916375046028,0.8315337376135591,289,3
LBXD05LA,LBX194LA,1.4688024363214711,1.5930869751641992,290,3
LBXD05LA,LBX194LA,0.15746239480389868,0.5104747122164716,291,3
LBXD05LA,LBX194LA,0.39267359204289765,0.5654846940839201,292,3
LBXD05LA,LBX194LA,-0.04347424438293679,0.5586307460848431,293,3
LBXD05LA,LBX194LA,0.5511678744207464,0.7854180632383366,294,3
LBXD05LA,LBX194LA,0.05355360449588176,0.3710100427004962,295,3
LBXD05LA,LBX194LA,0.16403053514495491,0.40323003240516275,296,3
LBXD05LA,LBX194LA,-0.029152176749382974,0.536917902155746,297,3
LBXD05LA,LBX194LA,0.2633559851784655,0.9574196221129287,298,3
LBXD05LA,LBX194LA,0.09787208571125827,0.4184384604019105,299,3
LBXD05LA,LBX194LA,0.05463358587508527,0.4430142506180964,300,3
LBXD05LA,LBX194LA,-0.157378096009559,1.5960861113434823,301,4
LBXD05LA,LBX194LA,0.17576367563110828,0.8988737260512452,302,4
LBXD05LA,LBX194LA,-0.08615191238871578,0.3529740143999045,303,4
LBXD05LA,LBX194LA,0.13873226059551236,0.5090597295751366,304,4
LBXD05LA,LBX194LA,-0.13961157428591742,0.4743716452218608,305,4
LBXD05LA,LBX194LA,0.1038556719162882,0.6111022667226075,306,4
LBXD05LA,LBX194LA,-0.04572290068754192,0.5379669539423291,307,4
LBXD05LA,LBX194LA,0.010124424195258275,0.4204647246565197,308,4
LBXD05LA,LBX194LA,-0.08018088782567556,0.7817354105793157,309,4
LBXD05LA,LBX194LA,-0.1518852773979571,0.7465906134241624,310,4
LBXD05LA,LBX194LA,-0.044309308366980105,0.6540794474239554,311,4
LBXD05LA,LBX194LA,0.07421749762427687,0.5125072984104603,312,4
LBXD05LA,LBX194LA,-0.1517448450089951,0.6592094726548607,313,4
LBXD05LA,LBX194LA,0.12035697606753892,0.6770636721394618,314,4
LBXD05LA,LBX194LA,-0.05305388445848136,0.3240234822033682,315,4
LBXD05LA,LBX194LA,-0.07499178374044257,0.30598841820848954,316,4
LBXD05LA,LBX194LA,-0.05275401457125195,0.5277179702407503,317,4
LBXD05LA,LBX194LA,0.26420740170337353,0.7534861237252203,318,4
LBXD05LA,LBX194LA,-0.11784679595343084,0.7831340949691672,319,4
LBXD05LA,LBX194LA,-0.047137632646370164,0.7389567824691232,320,4
LBXD05LA,LBX194LA,-0.04542930677289636,0.5951516321167334,321,4
LBXD05LA,LBX194LA,-0.005069856576490395,0.38606424554088487,322,4
LBXD05LA,LBX194LA,0.031052766927794018,0.8013234945680567,323,4
LBXD05LA,LBX194LA,-0.13066548155280966,0.509345454145023,324,4
LBXD05LA,LBX194LA,-0.0017492355446366847,0.2895268044297188,325,4
LBXD05LA,LBX194LA,0.13644302477929138,0.48255132367550574,326,4
LBXD05LA,LBX194LA,-0.6154250081047747,1.035316736513598,327,4
LBXD05LA,LBX194LA,-0.035887317426763765,0.4971214932914903,328,4
LBXD05LA,LBX194LA,-0.001209737384905818,0.39487109954844474,329,4
LBXD05LA,LBX194LA,1.52915816958199e-4,0.35090269550113856,330,4
LBXD05LA,LBX194LA,0.019950756891029542,0.456513904458803,331,4
LBXD05LA,LBX194LA,-0.048434281805126655,0.5746398912804648,332,4
LBXD05LA,LBX194LA,-0.1759096527714079,0.5825949129858315,333,4
LBXD05LA,LBX194LA,0.2704655666112732,1.4488116940978877,334,4
LBXD05LA,LBX194LA,0.424105055533869,1.0427944649800684,335,4
LBXD05LA,LBX194LA,0.009659368420585679,0.29534143943016383,336,4
LBXD05LA,LBX194LA,0.010761452427139995,0.3745577405706714,337,4
LBXD05LA,LBX194LA,-0.042447246458099386,0.43698565794641775,338,4
LBXD05LA,LBX194LA,-0.12037840778890452,0.8066081375174546,339,4
LBXD05LA,LBX194LA,-0.7094015971573677,1.062625163016611,340,4
LBXD05LA,LBX194LA,0.0010872980287315315,0.49969740746260444,341,4
LBXD05LA,LBX194LA,-0.12497644299822586,0.5075570608284211,342,4
LBXD05LA,LBX194LA,-0.05782178019159723,0.3168385681126789,343,4
LBXD05LA,LBX194LA,-0.3439471971069228,1.9809855267066208,344,4
LBXD05LA,LBX194LA,-0.680367383215156,1.053920102684158,345,4
LBXD05LA,LBX194LA,-0.14413332275773172,0.7123960065871917,346,4
LBXD05LA,LBX194LA,0.008946495273828958,0.5356366723368725,347,4
LBXD05LA,LBX194LA,-0.005464551086854286,0.12667630601876953,348,4
LBXD05LA,LBX194LA,-0.1331725103979986,0.572556932023786,349,4
LBXD05LA,LBX194LA,-0.39185710356043524,0.8136824534302153,350,4
LBXD05LA,LBX194LA,0.21643154828615518,0.9602438686170974,351,4
LBXD05LA,LBX194LA,-0.11318404492761935,0.6752446246569067,352,4
LBXD05LA,LBX194LA,0.1584700522380471,0.6997522938672749,353,4
LBXD05LA,LBX194LA,-0.008252406509557275,0.7353929460707795,354,4
LBXD05LA,LBX194LA,-0.05817674314443888,0.34019489002545605,355,4
LBXD05LA,LBX194LA,0.06678698889057344,0.47671517599328167,356,4
LBXD05LA,LBX194LA,-0.18649002926707547,0.5434077602394359,357,4
LBXD05LA,LBX194LA,0.003318672288265212,0.48650925735357037,358,4
LBXD05LA,LBX194LA,0.24581512615679912,0.9139406938279683,359,4
LBXD05LA,LBX194LA,-0.04049825853643885,1.0904843511330284,360,4
LBXD05LA,LBX194LA,0.014951462747741395,0.42269478791261617,361,4
LBXD05LA,LBX194LA,-0.11367591714049308,0.4054620842784478,362,4
LBXD05LA,LBX194LA,-0.7603331555740596,1.3679941502666142,363,4
LBXD05LA,LBX194LA,0.016966480424066788,0.5051474536932817,364,4
LBXD05LA,LBX194LA,0.032746328958495496,1.227537202549703,365,4
LBXD05LA,LBX194LA,-0.7872832094389262,1.3998347014291128,366,4
LBXD05LA,LBX194LA,-4.438222042297384,4.05907679727186,367,4
LBXD05LA,LBX194LA,-0.8085908607692223,0.8133533723865269,368,4
LBXD05LA,LBX194LA,-0.09282898333121814,0.5184191738710335,369,4
LBXD05LA,LBX194LA,-1.5128761772033368,1.4773774184990995,370,4
LBXD05LA,LBX194LA,0.027585377804024702,0.6123882608096334,371,4
LBXD05LA,LBX194LA,0.024801658419012718,0.4732465563314001,372,4
LBXD05LA,LBX194LA,-0.11896392945589351,0.462176432414396,373,4
LBXD05LA,LBX194LA,-0.06377078482377296,0.256942053064805,374,4
LBXD05LA,LBX194LA,-0.10516321705385723,0.45920179244309006,375,4
LBXD05LA,LBX194LA,-0.08787076459986931,0.566116730642174,376,4
LBXD05LA,LBX194LA,-0.3061265682706198,0.6103973882427445,377,4
LBXD05LA,LBX194LA,0.008611630593390096,0.18401577984499928,378,4
LBXD05LA,LBX194LA,-0.19998749829584916,0.8944225383312037,379,4
LBXD05LA,LBX194LA,-0.9095422670114162,1.5020964790261426,380,4
LBXD05LA,LBX194LA,-0.11512248944517722,0.5459619796259295,381,4
LBXD05LA,LBX194LA,-0.071164878383156,0.6081500319024189,382,4
LBXD05LA,LBX194LA,-0.139457696857884,0.7458362727763493,383,4
LBXD05LA,LBX194LA,0.22056218560654095,1.3342115473307081,384,4
LBXD05LA,LBX194LA,-0.3458482828170535,0.7080701565987654,385,4
LBXD05LA,LBX194LA,-0.06514526890836869,0.5405612814361918,386,4
LBXD05LA,LBX194LA,0.0923486068515258,0.5848149583584297,387,4
LBXD05LA,LBX194LA,-0.04500765281423802,0.6409548303544874,388,4
LBXD05LA,LBX194LA,0.1575799431652669,1.0490532461504156,389,4
LBXD05LA,LBX194LA,-0.014498492852656586,0.36072146216804685,390,4
LBXD05LA,LBX194LA,-0.06039095012503415,0.6430105280652904,391,4
LBXD05LA,LBX194LA,-0.581918773523447,1.193980635116965,392,4
LBXD05LA,LBX194LA,-0.014433372619066631,0.5025526144862578,393,4
LBXD05LA,LBX194LA,0.011831772258722673,1.4807326503679243,394,4
LBXD05LA,LBX194LA,-1.3163228231255122,1.475359216833845,395,4
LBXD05LA,LBX194LA,0.13936289933575452,0.7927967116749268,396,4
LBXD05LA,LBX194LA,-1.2611550309013095,1.4371076171080897,397,4
LBXD05LA,LBX194LA,-0.003690807550629671,0.5035474816259085,398,4
LBXD05LA,LBX194LA,-0.39039971179973776,0.8187941950761853,399,4
LBXD05LA,LBX194LA,0.118771144018881,0.7019186528220084,400,4
LBXD05LA,LBX194LA,-0.654659560719498,1.2388684421655194,401,5
LBXD05LA,LBX194LA,-0.8856595083376044,0.9208675327497621,402,5
LBXD05LA,LBX194LA,-0.6249524734971716,0.9870023150142393,403,5
LBXD05LA,LBX194LA,-1.6305243890716583,1.1445159852510898,404,5
LBXD05LA,LBX194LA,0.019835459211208217,0.5060784363768328,405,5
LBXD05LA,LBX194LA,-0.12420338990501589,0.6617388466094534,406,5
LBXD05LA,LBX194LA,0.2570175215885362,1.0506984787532054,407,5
LBXD05LA,LBX194LA,0.019158081422994577,0.6245413682725762,408,5
LBXD05LA,LBX194LA,-1.531168659850139,1.3538800856401156,409,5
LBXD05LA,LBX194LA,-0.16047539194577798,0.8192753287437556,410,5
LBXD05LA,LBX194LA,-0.2902019473944817,0.6265274483348626,411,5
LBXD05LA,LBX194LA,-1.1408200975349647,1.4485476162328348,412,5
LBXD05LA,LBX194LA,-0.3375100359393004,1.0090016428929247,413,5
LBXD05LA,LBX194LA,-0.5841307777476601,1.2415447442523007,414,5
LBXD05LA,LBX194LA,-0.5512422754779758,1.0564959774201035,415,5
LBXD05LA,LBX194LA,-0.13944114407591446,0.7094733830208879,416,5
LBXD05LA,LBX194LA,-0.10728825456731261,0.7893290794593018,417,5
LBXD05LA,LBX194LA,-0.5281335290161788,0.9895963728235817,418,5
LBXD05LA,LBX194LA,-0.11981667368563143,0.382915343415003,419,5
LBXD05LA,LBX194LA,-0.16739857754443754,0.8045777479615165,420,5
LBXD05LA,LBX194LA,-0.5112685840951352,0.8891277503148765,421,5
LBXD05LA,LBX194LA,-0.761829231403695,0.9137518714269147,422,5
LBXD05LA,LBX194LA,-0.42116435283758635,0.8409293981686293,423,5
LBXD05LA,LBX194LA,-0.21305617873822946,0.7094184777538365,424,5
LBXD05LA,LBX194LA,0.17276667649206612,0.8156189122665551,425,5
LBXD05LA,LBX194LA,-0.0315623365656208,0.30604823323087144,426,5
LBXD05LA,LBX194LA,-0.688928995221711,0.9835486842760578,427,5
LBXD05LA,LBX194LA,-0.22680212649861087,0.6731477185124451,428,5
LBXD05LA,LBX194LA,-0.2797696462235697,0.7639721399907493,429,5
LBXD05LA,LBX194LA,-1.5426642400000392,1.1865284000330723,430,5
LBXD05LA,LBX194LA,-0.1952470216087301,0.6694978367473741,431,5
LBXD05LA,LBX194LA,-0.24286447564020008,0.7952352799215037,432,5
LBXD05LA,LBX194LA,-0.04499448006265094,0.36766223768627754,433,5
LBXD05LA,LBX194LA,-0.16792145145525605,1.9732542971984546,434,5
LBXD05LA,LBX194LA,0.006771716606433387,0.38770563786257894,435,5
LBXD05LA,LBX194LA,-0.67194815606303,0.8372314302736297,436,5
LBXD05LA,LBX194LA,-0.09158964227448507,0.7845315752062306,437,5
LBXD05LA,LBX194LA,-0.06350247402955667,0.5655821582894325,438,5
LBXD05LA,LBX194LA,0.01027421325829092,0.3560050923785276,439,5
LBXD05LA,LBX194LA,-0.2757969500926869,0.8717158961989577,440,5
LBXD05LA,LBX194LA,-0.032851408029762386,0.5360833327738466,441,5
LBXD05LA,LBX194LA,-0.2741574594453846,0.5071139325501365,442,5
LBXD05LA,LBX194LA,0.14574642834087737,0.9486465349757484,443,5
LBXD05LA,LBX194LA,-0.25632141598822056,0.8460887398539862,444,5
LBXD05LA,LBX194LA,0.015075167750485008,0.5905148381956897,445,5
LBXD05LA,LBX194LA,0.052275975102978656,0.7924865701559881,446,5
LBXD05LA,LBX194LA,-0.03176526489002818,0.6725033282671464,447,5
LBXD05LA,LBX194LA,-0.026869788510243353,0.20329711506033554,448,5
LBXD05LA,LBX194LA,-0.15918923748890013,0.47366981976612266,449,5
LBXD05LA,LBX194LA,-1.0308847358513709,1.2227152488785327,450,5
LBXD05LA,LBX194LA,0.11494584077952652,0.5525063955515136,451,5
LBXD05LA,LBX194LA,-0.3605456382861112,0.7347102117112112,452,5
LBXD05LA,LBX194LA,-1.0498978514973558,1.1684536089142183,453,5
LBXD05LA,LBX194LA,-0.6965216202325335,1.168868710615802,454,5
LBXD05LA,LBX194LA,-0.7355897586409119,1.0752176487724154,455,5
LBXD05LA,LBX194LA,-0.1916257386801501,0.6982004211459378,456,5
LBXD05LA,LBX194LA,-1.7530080949314435,1.3551936430953346,457,5
LBXD05LA,LBX194LA,0.005491753286315237,0.5847682500192496,458,5
LBXD05LA,LBX194LA,-0.1309557721062422,0.5335745570076607,459,5
LBXD05LA,LBX194LA,0.2835631999370962,0.8388425007840451,460,5
LBXD05LA,LBX194LA,-1.3213779671225327,1.0806821158389004,461,5
LBXD05LA,LBX194LA,0.014375270122770623,0.52215642015106,462,5
LBXD05LA,LBX194LA,-0.28718321570865335,0.6901595842306764,463,5
LBXD05LA,LBX194LA,-0.11890695795804085,0.5384588110218155,464,5
LBXD05LA,LBX194LA,-0.02511866290271758,0.7446245908491094,465,5
LBXD05LA,LBX194LA,-0.9652031158297101,1.4045590550586513,466,5
LBXD05LA,LBX194LA,-0.03791751621293571,0.3776092228589937,467,5
LBXD05LA,LBX194LA,-0.1642277095171858,0.5071837729627455,468,5
LBXD05LA,LBX194LA,0.09694991178202628,0.7243879062023336,469,5
LBXD05LA,LBX194LA,-0.10545411577616903,0.5064080200789977,470,5
LBXD05LA,LBX194LA,-0.4455499476634479,1.122701266643868,471,5
LBXD05LA,LBX194LA,-0.48412354319951945,0.7452687113396418,472,5
LBXD05LA,LBX194LA,-0.4774104629741345,1.0355438285754872,473,5
LBXD05LA,LBX194LA,-0.13002543294741686,0.5526964567644745,474,5
LBXD05LA,LBX194LA,-0.3093121560066163,0.8386272597318775,475,5
LBXD05LA,LBX194LA,-0.5706891174691977,0.7687149306088651,476,5
LBXD05LA,LBX194LA,0.0013842025005983416,0.508902960504248,477,5
LBXD05LA,LBX194LA,-0.36610452425081697,0.9609100981047737,478,5
LBXD05LA,LBX194LA,-1.7812809208561635,2.0360345316419806,479,5
LBXD05LA,LBX194LA,-0.48988349219923855,0.7305803157627586,480,5
LBXD05LA,LBX194LA,-0.22400941612121272,0.4287869542447576,481,5
LBXD05LA,LBX194LA,-0.05457645274972567,0.7797264631246141,482,5
LBXD05LA,LBX194LA,-0.3188879383577401,0.7530638642791899,483,5
LBXD05LA,LBX194LA,-0.14616977921309626,0.7398068021261461,484,5
LBXD05LA,LBX194LA,-0.25752079405142414,1.1888703911351326,485,5
LBXD05LA,LBX194LA,-0.3649236603850725,0.8739329365501126,486,5
LBXD05LA,LBX194LA,-0.36041824506789677,1.4384991644412353,487,5
LBXD05LA,LBX194LA,-0.10815723042780956,0.7831893974335227,488,5
LBXD05LA,LBX194LA,-0.22753784859308457,0.5134195650782807,489,5
LBXD05LA,LBX194LA,-0.08283789630410343,0.5901740259299849,490,5
LBXD05LA,LBX194LA,-0.028581309080038864,0.5224659110643012,491,5
LBXD05LA,LBX194LA,0.0293631514220678,0.39143970698597425,492,5
LBXD05LA,LBX194LA,-0.612582531172662,1.1414179569717746,493,5
LBXD05LA,LBX194LA,-0.2459263717945248,0.9681501937378167,494,5
LBXD05LA,LBX194LA,-0.10632424396893984,0.4571596522104803,495,5
LBXD05LA,LBX194LA,-0.33948909453854714,0.6835045393749954,496,5
LBXD05LA,LBX194LA,-0.7340296209867829,1.1301190343920051,497,5
LBXD05LA,LBX194LA,-6.447699113560172,2.8708950225326832,498,5
LBXD05LA,LBX194LA,-0.10113363724308222,0.6341875559584066,499,5
LBXD05LA,LBX194LA,-0.21065051872620977,0.6336688972332308,500,5
LBXF08LA,LBXF03LA,0.0870191662027775,0.2870147181938521,501,6
LBXF08LA,LBXF03LA,0.0029654870979296533,0.07878280263053421,502,6
LBXF08LA,LBXF03LA,0.04100493435311048,0.18033885216116863,503,6
LBXF08LA,LBXF03LA,0.06605888481796285,0.2597840918238767,504,6
LBXF08LA,LBXF03LA,0.14613738853624536,0.34023955929267374,505,6
LBXF08LA,LBXF03LA,0.017619449176498492,0.19173040392070312,506,6
LBXF08LA,LBXF03LA,1.5309164509273,1.082337866021617,507,6
LBXF08LA,LBXF03LA,0.05183118120375596,0.2828741587819815,508,6
LBXF08LA,LBXF03LA,0.011961747682023294,0.1198322027187556,509,6
LBXF08LA,LBXF03LA,0.006515550978004825,0.11805205687266286,510,6
LBXF08LA,LBXF03LA,0.058942104529176476,0.5686928502848216,511,6
LBXF08LA,LBXF03LA,-0.05357099718515734,0.44091853032337247,512,6
LBXF08LA,LBXF03LA,-0.01852083351976086,0.2532352603716418,513,6
LBXF08LA,LBXF03LA,0.022601686316773867,0.2626170419307342,514,6
LBXF08LA,LBXF03LA,0.04183914454580373,0.20044074042658988,515,6
LBXF08LA,LBXF03LA,0.031029554116035918,0.1608097475150515,516,6
LBXF08LA,LBXF03LA,0.009049869527689935,0.10711115151300014,517,6
LBXF08LA,LBXF03LA,0.0416456483757115,0.1945777252779113,518,6
LBXF08LA,LBXF03LA,0.045353319400769365,0.19035784174194378,519,6
LBXF08LA,LBXF03LA,0.021297105480741152,0.1808848750148535,520,6
LBXF08LA,LBXF03LA,-0.10262998729782158,0.4961791567482648,521,6
LBXF08LA,LBXF03LA,-0.0075699101116324385,0.1709231140373709,522,6
LBXF08LA,LBXF03LA,0.039992935375817495,0.3410716216171072,523,6
LBXF08LA,LBXF03LA,0.005462744460153601,0.11628030636697086,524,6
LBXF08LA,LBXF03LA,-0.03673539169460316,0.32463748781236945,525,6
LBXF08LA,LBXF03LA,0.02651511457645883,0.21465440792551205,526,6
LBXF08LA,LBXF03LA,0.013353806301714233,0.25886994813003855,527,6
LBXF08LA,LBXF03LA,-0.031771995589372715,0.25954540172678225,528,6
LBXF08LA,LBXF03LA,0.010375134679657894,0.1359463085954093,529,6
LBXF08LA,LBXF03LA,0.09659734234676964,0.275551435345093,530,6
LBXF08LA,LBXF03LA,0.09920885544962932,0.327984229942613,531,6
LBXF08LA,LBXF03LA,0.004768291458628671,0.17241560144907378,532,6
LBXF08LA,LBXF03LA,-0.03991966119988044,0.2859065807895676,533,6
LBXF08LA,LBXF03LA,0.029055553744611995,0.18828546491290973,534,6
LBXF08LA,LBXF03LA,0.16351509365909234,0.3274586256130354,535,6
LBXF08LA,LBXF03LA,0.05174946118575008,0.22286210439387868,536,6
LBXF08LA,LBXF03LA,-0.031693493190708466,0.1941502634523085,537,6
LBXF08LA,LBXF03LA,0.08191960460340164,0.25551730784645954,538,6
LBXF08LA,LBXF03LA,-0.0070264291389330324,0.13780929757362068,539,6
LBXF08LA,LBXF03LA,0.22500583502457294,0.4564329658253597,540,6
LBXF08LA,LBXF03LA,0.033280248322822725,0.4526470115746269,541,6
LBXF08LA,LBXF03LA,9.177975205516553e-4,0.047347112484860704,542,6
LBXF08LA,LBXF03LA,0.0964548589829306,0.3375966586928817,543,6
LBXF08LA,LBXF03LA,-0.037985743478143874,0.20458381140657972,544,6
LBXF08LA,LBXF03LA,0.044547863073876925,0.2550415149856875,545,6
LBXF08LA,LBXF03LA,0.018714476718125983,0.12168818299391716,546,6
LBXF08LA,LBXF03LA,-0.2308842343947548,0.43235019365021615,547,6
LBXF08LA,LBXF03LA,0.007537697131816401,0.09389948921129834,548,6
LBXF08LA,LBXF03LA,0.05940063823086117,0.2748706327027604,549,6
LBXF08LA,LBXF03LA,0.2949492750345053,0.47501302665422884,550,6
LBXF08LA,LBXF03LA,-0.001926890778451984,0.3401961302600068,551,6
LBXF08LA,LBXF03LA,8.336781068152277e-5,0.37827977466386076,552,6
LBXF08LA,LBXF03LA,-0.06389734192055108,0.42774859571023927,553,6
LBXF08LA,LBXF03LA,0.005156953177295254,0.15853629960905394,554,6
LBXF08LA,LBXF03LA,0.0604024824780125,0.6212533317226536,555,6
LBXF08LA,LBXF03LA,0.02939809744704025,0.3116164126384297,556,6
LBXF08LA,LBXF03LA,0.10588711379532967,0.2444870044049301,557,6
LBXF08LA,LBXF03LA,0.06521093848689086,0.3745119984375899,558,6
LBXF08LA,LBXF03LA,0.017760738272889487,0.3287487500601796,559,6
LBXF08LA,LBXF03LA,0.02955713565991358,0.17801140062738766,560,6
LBXF08LA,LBXF03LA,-0.010087192436666559,0.1603300430736214,561,6
LBXF08LA,LBXF03LA,0.019817026963076856,0.2335369875426138,562,6
LBXF08LA,LBXF03LA,0.006665484263509658,0.2918876622516864,563,6
LBXF08LA,LBXF03LA,0.059933894114120534,0.1809842038349815,564,6
LBXF08LA,LBXF03LA,-6.417386645019008e-4,0.07289993793146132,565,6
LBXF08LA,LBXF03LA,0.058440385863061994,0.2131314085352065,566,6
LBXF08LA,LBXF03LA,0.11348683893479561,0.5109300544997081,567,6
LBXF08LA,LBXF03LA,0.09220953740018922,0.24887013447029613,568,6
LBXF08LA,LBXF03LA,0.2149362449815042,0.4591112813074057,569,6
LBXF08LA,LBXF03LA,0.045570462995253136,0.39370786976531,570,6
LBXF08LA,LBXF03LA,0.39375433651086444,0.6798287628276166,571,6
LBXF08LA,LBXF03LA,0.0051977711432993345,0.12806011314641524,572,6
LBXF08LA,LBXF03LA,0.025503825785333056,0.2163270487462684,573,6
LBXF08LA,LBXF03LA,0.14184955539932398,0.40296601895055645,574,6
LBXF08LA,LBXF03LA,0.005043693073414346,0.07040239188547551,575,6
LBXF08LA,LBXF03LA,0.04565630051090808,0.18538623277662808,576,6
LBXF08LA,LBXF03LA,-0.0030249406226596776,0.10440408857083402,577,6
LBXF08LA,LBXF03LA,-0.022815239212034655,0.6003646100626134,578,6
LBXF08LA,LBXF03LA,0.004149780870445596,0.23897429474007992,579,6
LBXF08LA,LBXF03LA,-0.009839981447769652,0.2586016094367356,580,6
LBXF08LA,LBXF03LA,0.006803321825299413,0.21012988421907403,581,6
LBXF08LA,LBXF03LA,0.00947324647427672,0.1724787052693472,582,6
LBXF08LA,LBXF03LA,0.11556051164899639,0.3055933030723586,583,6
LBXF08LA,LBXF03LA,0.08965969914881278,0.38363446798878925,584,6
LBXF08LA,LBXF03LA,-0.015376932427920487,0.2155255839049768,585,6
LBXF08LA,LBXF03LA,0.10818314960602082,0.3467295136040353,586,6
LBXF08LA,LBXF03LA,0.2921337463359164,0.6508424114378047,587,6
LBXF08LA,LBXF03LA,0.13658772006269349,0.3520687104772051,588,6
LBXF08LA,LBXF03LA,0.09205363049012849,0.22923557480483006,589,6
LBXF08LA,LBXF03LA,0.029727386967692837,0.2317263466524414,590,6
LBXF08LA,LBXF03LA,0.12798670877669194,0.4387143894576785,591,6
LBXF08LA,LBXF03LA,1.7174968078765747,1.5062391636305685,592,6
LBXF08LA,LBXF03LA,0.01321335958515757,0.21302080222048508,593,6
LBXF08LA,LBXF03LA,0.0531654396553245,0.2522569472759296,594,6
LBXF08LA,LBXF03LA,0.05319777331080644,0.27812548456319225,595,6
LBXF08LA,LBXF03LA,0.052085907532930076,0.1813891878883938,596,6
LBXF08LA,LBXF03LA,-0.0025945407067888837,0.07723826932180472,597,6
LBXF08LA,LBXF03LA,0.050361710157588835,0.2151857674496783,598,6
LBXF08LA,LBXF03LA,0.00870093894046775,0.12985580230178229,599,6
LBXF08LA,LBXF03LA,-0.02763254272631599,0.3316401749219851,600,6
LBXF08LA,LBXF03LA,0.029601069915862865,0.11994305736639493,601,7
LBXF08LA,LBXF03LA,0.04044162647181038,0.18346842706480954,602,7
LBXF08LA,LBXF03LA,0.48073158140354266,0.5054638666261236,603,7
LBXF08LA,LBXF03LA,0.05498776870262227,0.3260922552510402,604,7
LBXF08LA,LBXF03LA,0.08679422818032423,0.3042636664803142,605,7
LBXF08LA,LBXF03LA,0.001926986085747373,0.0330145795893837,606,7
LBXF08LA,LBXF03LA,0.03360243691357345,0.285453296143522,607,7
LBXF08LA,LBXF03LA,0.16840026404537856,0.27844777006647836,608,7
LBXF08LA,LBXF03LA,0.020113562450721822,0.204349632223244,609,7
LBXF08LA,LBXF03LA,0.03801216661048912,0.19198998021955435,610,7
LBXF08LA,LBXF03LA,0.008713672734306677,0.11829758598827234,611,7
LBXF08LA,LBXF03LA,0.19649472425318582,0.3686655217877967,612,7
LBXF08LA,LBXF03LA,0.31321817022176024,0.47733732130345957,613,7
LBXF08LA,LBXF03LA,0.028848349540857576,0.17565326044391724,614,7
LBXF08LA,LBXF03LA,0.04743580011891968,0.29976160066628366,615,7
LBXF08LA,LBXF03LA,0.03207707868520604,0.11210780237646163,616,7
LBXF08LA,LBXF03LA,0.08699579262896417,0.3772117081163868,617,7
LBXF08LA,LBXF03LA,0.2636121584238407,0.4464067857494483,618,7
LBXF08LA,LBXF03LA,-0.01832619427112192,0.23265428682381406,619,7
LBXF08LA,LBXF03LA,-0.003556227919785826,0.09059802983941401,620,7
LBXF08LA,LBXF03LA,0.0946663567485504,0.2753018934458062,621,7
LBXF08LA,LBXF03LA,0.08429286545849202,0.19668423832219561,622,7
LBXF08LA,LBXF03LA,0.033996339433302714,0.1649287703572767,623,7
LBXF08LA,LBXF03LA,0.02581305790208166,0.20842580317722464,624,7
LBXF08LA,LBXF03LA,0.12979417662051462,0.7421689222283693,625,7
LBXF08LA,LBXF03LA,0.008386318868874643,0.47938803398174107,626,7
LBXF08LA,LBXF03LA,0.09644165612919808,0.2338704384777444,627,7
LBXF08LA,LBXF03LA,0.03173509259731899,0.18866563178356655,628,7
LBXF08LA,LBXF03LA,0.22829208788961752,0.6089695384602634,629,7
LBXF08LA,LBXF03LA,0.1056892041945865,0.38090815799775707,630,7
LBXF08LA,LBXF03LA,0.020729311525125915,0.14359012731255957,631,7
LBXF08LA,LBXF03LA,0.07328983163312808,0.26126765047251277,632,7
LBXF08LA,LBXF03LA,0.11010885435881423,0.2758966548271687,633,7
LBXF08LA,LBXF03LA,0.08599828884560323,0.244043592609728,634,7
LBXF08LA,LBXF03LA,0.02919177280391516,0.1749033846280149,635,7
LBXF08LA,LBXF03LA,0.18154444568941797,0.3138118089936549,636,7
LBXF08LA,LBXF03LA,0.09459775829862505,0.46074587279496565,637,7
LBXF08LA,LBXF03LA,0.08431061905309623,0.34348479322698533,638,7
LBXF08LA,LBXF03LA,0.03437527748109481,0.21613698280644708,639,7
LBXF08LA,LBXF03LA,0.054847175518201396,0.23547020237052632,640,7
LBXF08LA,LBXF03LA,0.23003545263210334,0.3665562665698791,641,7
LBXF08LA,LBXF03LA,0.0955133167970339,0.27501020062613174,642,7
LBXF08LA,LBXF03LA,0.0022814101856223346,0.07285311223663002,643,7
LBXF08LA,LBXF03LA,0.08419717720611075,0.21289705881182958,644,7
LBXF08LA,LBXF03LA,0.04659272168689488,0.2737874698921458,645,7
LBXF08LA,LBXF03LA,0.012672583013790373,0.11047710935048108,646,7
LBXF08LA,LBXF03LA,0.41432009252758073,0.6180490909387022,647,7
LBXF08LA,LBXF03LA,0.008528149874922342,0.08801497756129675,648,7
LBXF08LA,LBXF03LA,0.1585816136031668,0.4403706398695298,649,7
LBXF08LA,LBXF03LA,0.2555593162894949,0.6273323423136519,650,7
LBXF08LA,LBXF03LA,0.15160145221511856,0.25432033323024156,651,7
LBXF08LA,LBXF03LA,0.009587785266965465,0.17393725234845808,652,7
LBXF08LA,LBXF03LA,6.332281849507071e-4,0.29785687267053307,653,7
LBXF08LA,LBXF03LA,0.022715705906640515,0.12617057823597624,654,7
LBXF08LA,LBXF03LA,0.059639283203530624,0.27589132608029376,655,7
LBXF08LA,LBXF03LA,0.08272702348368854,0.23333884015173137,656,7
LBXF08LA,LBXF03LA,0.6882010472324769,0.56801339431567,657,7
LBXF08LA,LBXF03LA,0.5582372113206198,0.6633365347662523,658,7
LBXF08LA,LBXF03LA,0.06141035887394697,0.23880814074658857,659,7
LBXF08LA,LBXF03LA,0.07184470933639009,0.2289109396660696,660,7
LBXF08LA,LBXF03LA,0.08905529230496567,0.26351220524776575,661,7
LBXF08LA,LBXF03LA,0.06631268941593316,0.24753751664705326,662,7
LBXF08LA,LBXF03LA,0.06601626958423637,0.32249528179352016,663,7
LBXF08LA,LBXF03LA,0.028624673291881564,0.25724717258884483,664,7
LBXF08LA,LBXF03LA,0.07736311631568338,0.2304038925966392,665,7
LBXF08LA,LBXF03LA,0.06467761181543974,0.30216845169218537,666,7
LBXF08LA,LBXF03LA,0.004709234799015971,0.37741662332224646,667,7
LBXF08LA,LBXF03LA,0.06270374756711217,0.35167475556247635,668,7
LBXF08LA,LBXF03LA,0.06185755184954178,0.28594573539417734,669,7
LBXF08LA,LBXF03LA,0.017465913275695577,0.13390504410014423,670,7
LBXF08LA,LBXF03LA,0.09225592195049748,0.29919117716311905,671,7
LBXF08LA,LBXF03LA,0.19280816171521664,0.3969031868721906,672,7
LBXF08LA,LBXF03LA,0.12337344616153878,0.25819315935084974,673,7
LBXF08LA,LBXF03LA,0.06346001259651768,0.2840507677567351,674,7
LBXF08LA,LBXF03LA,0.07415101414445946,0.26941199449794306,675,7
LBXF08LA,LBXF03LA,0.06632603653508928,0.327014957426984,676,7
LBXF08LA,LBXF03LA,0.018890934499469658,0.2083136343472727,677,7
LBXF08LA,LBXF03LA,0.1203836505369481,0.34659780505997356,678,7
LBXF08LA,LBXF03LA,0.03174393925290753,0.14585809902488925,679,7
LBXF08LA,LBXF03LA,0.46256475518440165,0.4930105409012655,680,7
LBXF08LA,LBXF03LA,0.01941870281127045,0.10086233054966222,681,7
LBXF08LA,LBXF03LA,0.010754047697231428,0.10309769976526521,682,7
LBXF08LA,LBXF03LA,0.028194952034388265,0.22169166341114904,683,7
LBXF08LA,LBXF03LA,0.021745605889314845,0.19211036066516388,684,7
LBXF08LA,LBXF03LA,0.312704225022967,0.6475362387153344,685,7
LBXF08LA,LBXF03LA,8.20024771657657e-4,0.17421026807478165,686,7
LBXF08LA,LBXF03LA,0.06397611699651229,0.2935812599755304,687,7
LBXF08LA,LBXF03LA,0.4378962684900043,0.528218789982511,688,7
LBXF08LA,LBXF03LA,0.009634590879470384,0.14656562650000263,689,7
LBXF08LA,LBXF03LA,0.07460577451657446,0.34787626267303534,690,7
LBXF08LA,LBXF03LA,0.03269251057316458,0.15396092922190194,691,7
LBXF08LA,LBXF03LA,0.6473279603276461,0.654724295371216,692,7
LBXF08LA,LBXF03LA,0.06117469970844436,0.2027940408761096,693,7
LBXF08LA,LBXF03LA,0.35766339821883864,0.5990424178433924,694,7
LBXF08LA,LBXF03LA,0.247020281918239,0.7126298289049596,695,7
LBXF08LA,LBXF03LA,0.03377579042106715,0.21086203132761044,696,7
LBXF08LA,LBXF03LA,0.003123838885937147,0.34136576369701027,697,7
LBXF08LA,LBXF03LA,0.030691990845619244,0.5083494613834876,698,7
LBXF08LA,LBXF03LA,0.014151339092847603,0.12680477255992592,699,7
LBXF08LA,LBXF03LA,0.0907186301958749,0.4135306867683058,700,7
LBXF08LA,LBXF03LA,-0.015981945362901318,0.2638479709471549,701,8
LBXF08LA,LBXF03LA,-0.011569055905450654,0.22581958995887366,702,8
LBXF08LA,LBXF03LA,0.007269453868919307,0.16529489570525555,703,8
LBXF08LA,LBXF03LA,-0.011069063984394667,0.14063616767953097,704,8
LBXF08LA,LBXF03LA,0.12270569595302971,0.675059484303458,705,8
LBXF08LA,LBXF03LA,-1.2044670304676828,0.8682250052016179,706,8
LBXF08LA,LBXF03LA,-0.20074902978039422,0.3920493584392273,707,8
LBXF08LA,LBXF03LA,-0.07649846200722665,0.3804923011408537,708,8
LBXF08LA,LBXF03LA,-0.012425429118096076,0.18616976457744197,709,8
LBXF08LA,LBXF03LA,6.341084512673234e-4,0.11314585343053336,710,8
LBXF08LA,LBXF03LA,0.013797778557754548,0.2641442443898324,711,8
LBXF08LA,LBXF03LA,0.20432647788005998,0.556384839101235,712,8
LBXF08LA,LBXF03LA,-0.010417532914185568,0.26842368208645123,713,8
LBXF08LA,LBXF03LA,-0.10094873447597097,0.28645663365031565,714,8
LBXF08LA,LBXF03LA,-0.17115017945787092,0.5847474263267136,715,8
LBXF08LA,LBXF03LA,-0.055952771996461426,0.27319685732748245,716,8
LBXF08LA,LBXF03LA,-0.0036852424745053014,0.19200119025405554,717,8
LBXF08LA,LBXF03LA,0.004141058351984972,0.30531053165954697,718,8
LBXF08LA,LBXF03LA,-0.02765359210241103,0.25697128936493524,719,8
LBXF08LA,LBXF03LA,-0.022201111990512334,0.18506977009847297,720,8
LBXF08LA,LBXF03LA,-0.015260178638400568,0.2818212987779836,721,8
LBXF08LA,LBXF03LA,-0.0828459865744735,0.31745628431770295,722,8
LBXF08LA,LBXF03LA,0.0166108448921789,0.34309958531185963,723,8
LBXF08LA,LBXF03LA,-0.021104678607470007,0.22618486246208142,724,8
LBXF08LA,LBXF03LA,-0.3121570045774682,0.4849326984996469,725,8
LBXF08LA,LBXF03LA,-0.0864654511016365,0.42437495180311363,726,8
LBXF08LA,LBXF03LA,-0.017568193876730698,0.2136746376231077,727,8
LBXF08LA,LBXF03LA,-0.030428018717937322,0.3703421907344043,728,8
LBXF08LA,LBXF03LA,0.015199919356251756,0.23626149216519626,729,8
LBXF08LA,LBXF03LA,-0.022034158837158202,0.14325874107832573,730,8
LBXF08LA,LBXF03LA,-0.06176115250280789,0.2949556148454026,731,8
LBXF08LA,LBXF03LA,-0.49822892486461967,0.8162834326363094,732,8
LBXF08LA,LBXF03LA,-0.09906091495584635,0.28670876253374844,733,8
LBXF08LA,LBXF03LA,-0.014314993531185483,0.2737806002840359,734,8
LBXF08LA,LBXF03LA,-0.022606875977984497,0.5700331211693963,735,8
LBXF08LA,LBXF03LA,0.04675635956800295,0.269409875902994,736,8
LBXF08LA,LBXF03LA,-0.11557655747566375,0.2002948772639668,737,8
LBXF08LA,LBXF03LA,-0.41892971194721484,0.5967446053123243,738,8
LBXF08LA,LBXF03LA,-0.12736645538518143,0.5488668856705596,739,8
LBXF08LA,LBXF03LA,-0.05701260347141712,0.30598190558510935,740,8
LBXF08LA,LBXF03LA,0.009595256112930883,0.16316291569559185,741,8
LBXF08LA,LBXF03LA,-0.044395207628395994,0.29568739482623563,742,8
LBXF08LA,LBXF03LA,0.2168163178745166,0.7674533626877145,743,8
LBXF08LA,LBXF03LA,-0.20505666390567256,0.515827488529539,744,8
LBXF08LA,LBXF03LA,-0.0474641850091726,0.31981973759815374,745,8
LBXF08LA,LBXF03LA,0.012821813414412908,0.17038764343435533,746,8
LBXF08LA,LBXF03LA,-0.1276521505044308,0.38119920120265843,747,8
LBXF08LA,LBXF03LA,-0.1322500467064529,0.4126618534206388,748,8
LBXF08LA,LBXF03LA,0.0028615607610462668,0.1735938627222061,749,8
LBXF08LA,LBXF03LA,-0.011906388294046222,0.17347209648925652,750,8
LBXF08LA,LBXF03LA,-0.010530447833504653,0.1830114973181394,751,8
LBXF08LA,LBXF03LA,-0.0964252462616706,0.34491275187056114,752,8
LBXF08LA,LBXF03LA,-0.09211719906404481,0.31086401284283677,753,8
LBXF08LA,LBXF03LA,-0.08962259383903692,0.4105946103488952,754,8
LBXF08LA,LBXF03LA,-0.029669685782202748,0.28447860593763924,755,8
LBXF08LA,LBXF03LA,0.019521967146178376,0.31476311099613175,756,8
LBXF08LA,LBXF03LA,0.03892408361797273,0.26107490671575345,757,8
LBXF08LA,LBXF03LA,0.02324801390575626,0.24078663612662288,758,8
LBXF08LA,LBXF03LA,-0.1926244533381709,0.414030024046696,759,8
LBXF08LA,LBXF03LA,0.030578092861754058,0.4484278545726592,760,8
LBXF08LA,LBXF03LA,0.020158334508961318,0.30417607039999517,761,8
LBXF08LA,LBXF03LA,-0.05974546031514652,0.3995413611102853,762,8
LBXF08LA,LBXF03LA,-1.5946381403513454,1.1896401089032145,763,8
LBXF08LA,LBXF03LA,-0.018383716355849344,0.25708642564153017,764,8
LBXF08LA,LBXF03LA,0.07449573889681327,0.3917085104289282,765,8
LBXF08LA,LBXF03LA,-0.028633335255724646,0.16056350065003577,766,8
LBXF08LA,LBXF03LA,-0.44995356105180395,0.504120149745133,767,8
LBXF08LA,LBXF03LA,-0.15733811988912572,0.3634591022608138,768,8
LBXF08LA,LBXF03LA,-0.6382116301202574,0.5768698534118181,769,8
LBXF08LA,LBXF03LA,-0.03179214267270147,0.13938747160374254,770,8
LBXF08LA,LBXF03LA,0.009466672207449456,0.14869780159379528,771,8
LBXF08LA,LBXF03LA,-0.07161292534085995,0.3635465140026647,772,8
LBXF08LA,LBXF03LA,-0.05162157934711753,0.3885181114874271,773,8
LBXF08LA,LBXF03LA,-0.051438244751151885,0.5877678442890597,774,8
LBXF08LA,LBXF03LA,-0.02023156991964914,0.13152757578875204,775,8
LBXF08LA,LBXF03LA,-0.052242718995258564,0.4295103714626991,776,8
LBXF08LA,LBXF03LA,-0.07127278870967046,0.3337443160479403,777,8
LBXF08LA,LBXF03LA,0.02454666136546413,0.18374907392671408,778,8
LBXF08LA,LBXF03LA,-0.10915889657566957,0.4526360687737785,779,8
LBXF08LA,LBXF03LA,-0.11917772183552522,0.4332536605150906,780,8
LBXF08LA,LBXF03LA,0.00640487662722844,0.19931390781830396,781,8
LBXF08LA,LBXF03LA,-0.3660710562470819,0.7528568025124635,782,8
LBXF08LA,LBXF03LA,0.005697345281532762,0.142882733865593,783,8
LBXF08LA,LBXF03LA,2.71353541999364e-4,0.06573170118310274,784,8
LBXF08LA,LBXF03LA,-1.8319817687437356,1.8836656775292357,785,8
LBXF08LA,LBXF03LA,-0.018497177755289584,0.49035311358895417,786,8
LBXF08LA,LBXF03LA,-0.014506202869783102,0.2589185353387514,787,8
LBXF08LA,LBXF03LA,-0.27223670764905084,0.5587824757080384,788,8
LBXF08LA,LBXF03LA,-0.03396254735221582,0.2947957756789555,789,8
LBXF08LA,LBXF03LA,-0.044736150490987114,0.22928038679707444,790,8
LBXF08LA,LBXF03LA,-0.051697862326499644,0.20828081345494778,791,8
LBXF08LA,LBXF03LA,0.012305305231611996,0.10925393655669763,792,8
LBXF08LA,LBXF03LA,-0.004836798717534174,0.2108754903817636,793,8
LBXF08LA,LBXF03LA,0.14231618690150238,0.4396910903958002,794,8
LBXF08LA,LBXF03LA,-0.02315946655833745,0.2541320940424213,795,8
LBXF08LA,LBXF03LA,-0.06507238104592816,0.29070573816532885,796,8
LBXF08LA,LBXF03LA,-0.012155931504190587,0.180878858357201,797,8
LBXF08LA,LBXF03LA,-0.010450382650760037,0.26738940610587897,798,8
LBXF08LA,LBXF03LA,0.040366391487114406,0.22315100534024906,799,8
LBXF08LA,LBXF03LA,-0.1092839925800475,0.5333012520061824,800,8
LBXF08LA,LBXF03LA,-0.05738182651648521,0.35189369649018787,801,9
LBXF08LA,LBXF03LA,-0.13606883060813724,0.3123417922631938,802,9
LBXF08LA,LBXF03LA,-0.4538330651786504,0.758680831028193,803,9
LBXF08LA,LBXF03LA,-0.006094334112138,0.45389165137622045,804,9
LBXF08LA,LBXF03LA,0.14691217349354702,0.6445521480760164,805,9
LBXF08LA,LBXF03LA,-0.2672271440661693,0.5365119503967579,806,9
LBXF08LA,LBXF03LA,-0.1075016548700034,0.2615543538923832,807,9
LBXF08LA,LBXF03LA,-0.13606393852299892,0.530784254139586,808,9
LBXF08LA,LBXF03LA,-0.054961818715873356,0.3947090892092705,809,9
LBXF08LA,LBXF03LA,-0.3355017504192439,0.566702254966036,810,9
LBXF08LA,LBXF03LA,-1.178803979582759,1.11714413576975,811,9
LBXF08LA,LBXF03LA,-0.042795589080095287,0.17683295765140078,812,9
LBXF08LA,LBXF03LA,-0.17475432757298304,0.5401601967244837,813,9
LBXF08LA,LBXF03LA,-0.10761950250483787,0.4152913830391224,814,9
LBXF08LA,LBXF03LA,-0.03541975028102495,0.23238159513864465,815,9
LBXF08LA,LBXF03LA,-0.009943710574567,0.21241681563386436,816,9
LBXF08LA,LBXF03LA,-0.10146916035719311,0.42134885497213653,817,9
LBXF08LA,LBXF03LA,-0.295506513912581,0.5220535330994369,818,9
LBXF08LA,LBXF03LA,0.06296164466429222,0.29978049810848045,819,9
LBXF08LA,LBXF03LA,-0.22906063627903128,0.44690263904578614,820,9
LBXF08LA,LBXF03LA,-0.025841340454828554,0.4549388817276239,821,9
LBXF08LA,LBXF03LA,-0.029860375092460423,0.1847937569798591,822,9
LBXF08LA,LBXF03LA,0.029378665398096082,0.4730138202066188,823,9
LBXF08LA,LBXF03LA,-0.4760863496742027,0.5903513846187383,824,9
LBXF08LA,LBXF03LA,-0.2108062753959823,0.6433613862863994,825,9
LBXF08LA,LBXF03LA,0.01667752965795044,0.31083946944593677,826,9
LBXF08LA,LBXF03LA,-0.186868957265806,0.42777098478339903,827,9
LBXF08LA,LBXF03LA,-0.03897821541559843,0.3869107130323603,828,9
LBXF08LA,LBXF03LA,0.027284454763883303,0.802731317181365,829,9
LBXF08LA,LBXF03LA,-0.4730889003931309,0.9616452939357215,830,9
LBXF08LA,LBXF03LA,-0.054974409470122776,0.4831175637634459,831,9
LBXF08LA,LBXF03LA,-0.0660457297256678,0.4416595104458075,832,9
LBXF08LA,LBXF03LA,-0.13166411589282134,0.30536388599609027,833,9
LBXF08LA,LBXF03LA,-0.13031839122164302,0.5924280842255526,834,9
LBXF08LA,LBXF03LA,-0.034563689792018515,0.23824977126407007,835,9
LBXF08LA,LBXF03LA,-0.2626364878439478,0.7777367717166738,836,9
LBXF08LA,LBXF03LA,-0.05332691780033372,0.4651709221791415,837,9
LBXF08LA,LBXF03LA,-0.040896084823326184,0.4142508213198481,838,9
LBXF08LA,LBXF03LA,-0.8881343761102873,1.4100425782140162,839,9
LBXF08LA,LBXF03LA,-0.06063403869091344,0.4787279808609721,840,9
LBXF08LA,LBXF03LA,-0.42019720025390095,0.6425122019166667,841,9
LBXF08LA,LBXF03LA,-0.17597761042031812,0.387003533643414,842,9
LBXF08LA,LBXF03LA,-0.033930870547057346,0.44504584242613254,843,9
LBXF08LA,LBXF03LA,-0.051660170847912745,0.306307044302233,844,9
LBXF08LA,LBXF03LA,-0.24364643406666353,0.5093251056676119,845,9
LBXF08LA,LBXF03LA,-0.5302908424587276,0.615102178383202,846,9
LBXF08LA,LBXF03LA,-0.2154567038886377,0.38260982957123907,847,9
LBXF08LA,LBXF03LA,-0.3834260874947466,0.7799501216215226,848,9
LBXF08LA,LBXF03LA,-0.13123042144487185,0.40565434289142777,849,9
LBXF08LA,LBXF03LA,-0.5654121908047411,0.8180525758580707,850,9
LBXF08LA,LBXF03LA,-0.26548681824786646,0.8853842751603637,851,9
LBXF08LA,LBXF03LA,-0.10847926117383622,0.8028844395771499,852,9
LBXF08LA,LBXF03LA,-0.048971346397691295,0.220938247083332,853,9
LBXF08LA,LBXF03LA,-0.05680735830565453,0.4365997571059707,854,9
LBXF08LA,LBXF03LA,-0.07050034432992014,0.339332946079921,855,9
LBXF08LA,LBXF03LA,-0.19076975325573997,0.32057498418903646,856,9
LBXF08LA,LBXF03LA,-0.07210315392888789,0.4068862663623389,857,9
LBXF08LA,LBXF03LA,-0.025715693031243436,0.4066510830831407,858,9
LBXF08LA,LBXF03LA,-0.23829258905579653,0.6950138198753357,859,9
LBXF08LA,LBXF03LA,0.010307369072616979,0.8637901317345339,860,9
LBXF08LA,LBXF03LA,-0.046095103597729725,0.2882748116561118,861,9
LBXF08LA,LBXF03LA,-0.18733279317145524,0.5212324621351638,862,9
LBXF08LA,LBXF03LA,-0.2095358357796937,0.41923693648189975,863,9
LBXF08LA,LBXF03LA,-0.9241286987855757,0.6690338934075406,864,9
LBXF08LA,LBXF03LA,-0.06968174355882617,0.32263017617359263,865,9
LBXF08LA,LBXF03LA,-0.44917332859774284,0.6032574538722543,866,9
LBXF08LA,LBXF03LA,0.03449938519103979,0.2800762082842372,867,9
LBXF08LA,LBXF03LA,-0.08362309810257784,0.3089541343258363,868,9
LBXF08LA,LBXF03LA,-0.15457275967921902,0.45964903885905944,869,9
LBXF08LA,LBXF03LA,-1.006735618237828,0.777945260903934,870,9
LBXF08LA,LBXF03LA,-0.013290490163858415,0.22158874541778215,871,9
LBXF08LA,LBXF03LA,-0.008209999516076039,0.21515449872300418,872,9
LBXF08LA,LBXF03LA,-0.19851829163582035,0.4780275137915044,873,9
LBXF08LA,LBXF03LA,-0.04694343324845107,0.4737847449396037,874,9
LBXF08LA,LBXF03LA,-0.14955362372341963,0.3374319207506754,875,9
LBXF08LA,LBXF03LA,-0.41846449379704365,0.5504344639683487,876,9
LBXF08LA,LBXF03LA,-0.09759761943729339,0.3740858254944614,877,9
LBXF08LA,LBXF03LA,0.00327488954364874,0.12428001607919462,878,9
LBXF08LA,LBXF03LA,-0.08833606079639988,0.30590037929126457,879,9
LBXF08LA,LBXF03LA,-0.08950649272748246,0.41224973116201186,880,9
LBXF08LA,LBXF03LA,-0.21334301626489172,0.5810693351188856,881,9
LBXF08LA,LBXF03LA,-0.08606506054118324,0.46227850335758686,882,9
LBXF08LA,LBXF03LA,-0.15029314537851945,0.3021355410316938,883,9
LBXF08LA,LBXF03LA,-0.3978258094744547,0.5863604430036181,884,9
LBXF08LA,LBXF03LA,-0.0038401636743330414,0.1692467428928363,885,9
LBXF08LA,LBXF03LA,-0.578979149666875,0.6978630339082372,886,9
LBXF08LA,LBXF03LA,-0.006412613907634146,0.13743918991644363,887,9
LBXF08LA,LBXF03LA,0.009595074556418837,0.2816126559652393,888,9
LBXF08LA,LBXF03LA,-0.1035108447777458,0.39794301646173585,889,9
LBXF08LA,LBXF03LA,-0.033049728582860816,0.3602913203222975,890,9
LBXF08LA,LBXF03LA,-0.06810099976575223,0.28274020384097104,891,9
LBXF08LA,LBXF03LA,-0.20673824767158466,0.5581882716625194,892,9
LBXF08LA,LBXF03LA,-0.11542660338017874,0.4257854417795975,893,9
LBXF08LA,LBXF03LA,-0.05514499298810671,0.48860318557003574,894,9
LBXF08LA,LBXF03LA,-0.06362441967838794,0.4403436152432695,895,9
LBXF08LA,LBXF03LA,-0.05007714057551382,0.41408165480713177,896,9
LBXF08LA,LBXF03LA,-0.24504099178897398,0.5584125736503632,897,9
LBXF08LA,LBXF03LA,-0.010742836891698637,0.14639157302534178,898,9
LBXF08LA,LBXF03LA,-0.008338675578023924,0.29851721812776433,899,9
LBXF08LA,LBXF03LA,-9.576912208792976e-4,0.3423710864871051,900,9
LBX074LA,LBX194LA,0.028438155546996136,0.39323664374387984,1000,10
LBX074LA,LBX194LA,0.10823432432240021,0.4404279321711949,901,10
LBX074LA,LBX194LA,0.17605654309966123,0.8817553161808551,902,10
LBX074LA,LBX194LA,0.30933050350364866,0.9733652861930454,903,10
LBX074LA,LBX194LA,0.004474042165396597,0.28653717453190986,904,10
LBX074LA,LBX194LA,0.2154283679560849,0.6176510438148192,905,10
LBX074LA,LBX194LA,0.010785664419492136,0.1749748001987102,906,10
LBX074LA,LBX194LA,-0.014832451785227185,1.0195078503809072,907,10
LBX074LA,LBX194LA,0.549527770064663,1.2352451188740705,908,10
LBX074LA,LBX194LA,0.2583951104056528,0.5950329133844292,909,10
LBX074LA,LBX194LA,0.061515580326174435,0.6664333630638852,910,10
LBX074LA,LBX194LA,0.06123604799407634,0.8898676985553842,911,10
LBX074LA,LBX194LA,0.04826491614611417,0.4206000463366468,912,10
LBX074LA,LBX194LA,0.05103462019640759,0.47943507614434394,913,10
LBX074LA,LBX194LA,0.1412988076810917,0.5806334593962932,914,10
LBX074LA,LBX194LA,-0.02437035103078866,0.7112571542835486,915,10
LBX074LA,LBX194LA,0.07002020761893402,0.3307889293298609,916,10
LBX074LA,LBX194LA,1.0079895359405517,1.503198557895392,917,10
LBX074LA,LBX194LA,0.45907671038231346,0.962592703610753,918,10
LBX074LA,LBX194LA,0.029135281195835194,0.3354775419780324,919,10
LBX074LA,LBX194LA,0.2990883014751633,0.724078905080831,920,10
LBX074LA,LBX194LA,-0.08804334807534353,0.801209231042537,921,10
LBX074LA,LBX194LA,0.09895920592504304,0.5253976665986196,922,10
LBX074LA,LBX194LA,0.03376318271729861,0.3081616087289554,923,10
LBX074LA,LBX194LA,0.12373193849112774,0.4013627412954714,924,10
LBX074LA,LBX194LA,0.5569188720964116,1.0976567338589192,925,10
LBX074LA,LBX194LA,0.0076757366149182715,0.3751099744849925,926,10
LBX074LA,LBX194LA,-0.09888223581250877,0.9680194834980236,927,10
LBX074LA,LBX194LA,-0.043584411618000196,0.5630944221574568,928,10
LBX074LA,LBX194LA,0.2626288121103344,0.7225080723890072,929,10
LBX074LA,LBX194LA,-0.011612452589385036,0.4764461224364937,930,10
LBX074LA,LBX194LA,-0.03452864463703609,0.7139603577008745,931,10
LBX074LA,LBX194LA,0.378147427284536,0.9969653032797691,932,10
LBX074LA,LBX194LA,2.649395183283441,2.037349584774453,933,10
LBX074LA,LBX194LA,0.2949601872961871,0.96991215724144475,934,10
LBX074LA,LBX194LA,0.020754581357003143,0.3717934935919701,935,10
LBX074LA,LBX194LA,0.08300345691565036,0.3987240080889096,936,10
LBX074LA,LBX194LA,0.05904678547311981,0.5179907927720666,937,10
LBX074LA,LBX194LA,0.0677896390310675,0.5796772533954615,938,10
LBX074LA,LBX194LA,0.05333056789720714,0.7607852287487576,939,10
LBX074LA,LBX194LA,0.6173349298093491,0.9645471095474937,940,10
LBX074LA,LBX194LA,-0.14245361079659657,1.2394507985627072,941,10
LBX074LA,LBX194LA,0.078817294534626825,0.5912494843242365,942,10
LBX074LA,LBX194LA,0.5095066680606779,0.8793204573417756,943,10
LBX074LA,LBX194LA,0.13237583335309688,0.5814560138937733,944,10
LBX074LA,LBX194LA,0.528417564443429,1.136956717266779,945,10
LBX074LA,LBX194LA,0.24353802394340107,0.9614108028765039,946,10
LBX074LA,LBX194LA,0.025159483404554095,0.2511652899697744,947,10
LBX074LA,LBX194LA,-0.0055104744813334605,0.30015945265999827,948,10
LBX074LA,LBX194LA,0.048952159409822116,0.5966472198287296,949,10
LBX074LA,LBX194LA,0.027526352232768225,0.7181370353582486,950,10
LBX074LA,LBX194LA,0.04920852009251364,0.28674996902936023,951,10
LBX074LA,LBX194LA,0.3252197413892106,0.7303304151939175,952,10
LBX074LA,LBX194LA,-0.03787096175837279,0.6483092559082521,953,10
LBX074LA,LBX194LA,0.01025405797019241,0.4964644141822314,954,10
LBX074LA,LBX194LA,0.27843596703235196,0.620591730965016,955,10
LBX074LA,LBX194LA,0.014329724896673834,0.3540941288295027,956,10
LBX074LA,LBX194LA,0.23087313157844924,0.8462780285961466,957,10
LBX074LA,LBX194LA,0.3147559073726658,0.8195466139215962,958,10
LBX074LA,LBX194LA,0.10757438096465455,1.03003080880298,959,10
LBX074LA,LBX194LA,-0.15356001641358974,0.7900893486669921,960,10
LBX074LA,LBX194LA,0.12266404416108756,0.7016428902848075,961,10
LBX074LA,LBX194LA,0.04351607248188172,0.3222840279521848,962,10
LBX074LA,LBX194LA,0.3096296134934091,1.0201265173909957,963,10
LBX074LA,LBX194LA,0.07877334624099497,0.44883944590643926,964,10
LBX074LA,LBX194LA,0.08344935081923621,0.45124521027927167,965,10
LBX074LA,LBX194LA,0.076132185624461,0.5568897824800682,966,10
LBX074LA,LBX194LA,0.09901143685561742,0.49314292888106176,967,10
LBX074LA,LBX194LA,-0.11617933279671355,0.8866522790190042,968,10
LBX074LA,LBX194LA,-0.14080708715336826,0.6532188993716839,969,10
LBX074LA,LBX194LA,0.07291459791943744,0.5519216060325414,970,10
LBX074LA,LBX194LA,0.1485241659485581,0.40893649584464614,971,10
LBX074LA,LBX194LA,0.3156022756906536,0.7216723839700723,972,10
LBX074LA,LBX194LA,-0.0782608401462741,1.090625960419491,973,10
LBX074LA,LBX194LA,0.036219806601423876,0.27498156561736187,974,10
LBX074LA,LBX194LA,0.08651349422236754,0.42639363642108163,975,10
LBX074LA,LBX194LA,0.1200511532203512,0.6112613013813784,976,10
LBX074LA,LBX194LA,0.21821970002877644,0.8068605024529798,977,10
LBX074LA,LBX194LA,0.2066652470835404,0.8240727637385986,978,10
LBX074LA,LBX194LA,0.01762922486328833,0.46422370192050483,979,10
LBX074LA,LBX194LA,0.05542542898738034,0.502028243156312,980,10
LBX074LA,LBX194LA,-0.005494088968609034,0.47631891947891525,981,10
LBX074LA,LBX194LA,0.3144660001193138,1.4039396052338067,982,10
LBX074LA,LBX194LA,0.12221154559064029,0.5485858492144325,983,10
LBX074LA,LBX194LA,-0.005254910630597465,1.2905475681422025,984,10
LBX074LA,LBX194LA,0.19154906738667687,0.556073874975996,985,10
LBX074LA,LBX194LA,0.09261050991636832,0.4781166153611646,986,10
LBX074LA,LBX194LA,0.10517281669729739,0.4547620852192316,987,10
LBX074LA,LBX194LA,0.10229641095236763,0.47086026669340925,988,10
LBX074LA,LBX194LA,0.1617840610815504,0.4809290452279823,989,10
LBX074LA,LBX194LA,0.531287096678966,1.4118906764152426,990,10
LBX074LA,LBX194LA,0.5876445912925878,1.0425096434216647,991,10
LBX074LA,LBX194LA,0.20245840478950283,0.7994232325873928,992,10
LBX074LA,LBX194LA,-0.028623630703392244,0.6559634200510817,993,10
LBX074LA,LBX194LA,0.10070438389943215,0.39039963883681195,994,10
LBX074LA,LBX194LA,0.04859522596193955,0.47075298926663894,995,10
LBX074LA,LBX194LA,0.10481689574336617,0.5121110268036826,996,10
LBX074LA,LBX194LA,0.059529621380391085,0.30129715579577315,997,10
LBX074LA,LBX194LA,-0.0346766673531822,0.41024588837471865,998,10
LBX074LA,LBX194LA,-0.004918117156919699,0.197003079884712,999,10
LBX074LA,LBX194LA,0.7955164026769248,1.3221995241491376,1001,11
LBX074LA,LBX194LA,0.5393817477405349,1.3359926464945526,1002,11
LBX074LA,LBX194LA,0.38310251464632916,0.8218265332240703,1003,11
LBX074LA,LBX194LA,1.398513993032016,1.1496031770615949,1004,11
LBX074LA,LBX194LA,0.04748676613969138,0.501033069923007,1005,11
LBX074LA,LBX194LA,0.06035555419266192,0.4908131330447041,1006,11
LBX074LA,LBX194LA,0.1176352420179061,0.6608238198577185,1007,11
LBX074LA,LBX194LA,0.43370246699140846,0.713160878778874,1008,11
LBX074LA,LBX194LA,0.5855200440895034,0.8775118869076667,1009,11
LBX074LA,LBX194LA,0.09592956011085008,0.5062784016891935,1010,11
LBX074LA,LBX194LA,0.2738677734900694,0.8605813493974257,1011,11
LBX074LA,LBX194LA,1.3823641936038387,1.2348860587186516,1012,11
LBX074LA,LBX194LA,0.305315072592709,0.9976056166482375,1013,11
LBX074LA,LBX194LA,0.145336302874836,0.609131316109968,1014,11
LBX074LA,LBX194LA,0.4888217713481553,0.7991231192120087,1015,11
LBX074LA,LBX194LA,0.04348375689500994,1.0361748083121496,1016,11
LBX074LA,LBX194LA,0.07112040922923757,0.5938243695943659,1017,11
LBX074LA,LBX194LA,0.470660955215231,1.2187487703397455,1018,11
LBX074LA,LBX194LA,0.48568281252012113,0.9799109534076539,1019,11
LBX074LA,LBX194LA,0.7680360551059806,1.17345215756678,1020,11
LBX074LA,LBX194LA,-0.06162732337817367,0.9842159387516035,1021,11
LBX074LA,LBX194LA,0.16558317218655283,0.5590780053130726,1022,11
LBX074LA,LBX194LA,0.6008629926821665,0.9465337875937523,1023,11
LBX074LA,LBX194LA,0.0677129058746182,0.4913260386770794,1024,11
LBX074LA,LBX194LA,0.13671957849416083,0.4993934509684581,1025,11
LBX074LA,LBX194LA,0.04022350450610457,0.5171372306676421,1026,11
LBX074LA,LBX194LA,0.20103486980250285,0.5011203766892831,1027,11
LBX074LA,LBX194LA,0.16895009033787822,0.6587284295872613,1028,11
LBX074LA,LBX194LA,0.3654859517360749,0.8750841179497387,1029,11
LBX074LA,LBX194LA,1.3408508718889518,1.3521824657244406,1030,11
LBX074LA,LBX194LA,0.9787170157163629,1.1583327458652506,1031,11
LBX074LA,LBX194LA,0.08124706947454108,0.43996144263052006,1032,11
LBX074LA,LBX194LA,0.30038838452099714,0.7369406966465013,1033,11
LBX074LA,LBX194LA,0.19666232972482556,0.6290967856130486,1034,11
LBX074LA,LBX194LA,0.42853829339292737,0.7868998941650328,1035,11
LBX074LA,LBX194LA,0.12398074096860423,0.7978472456205546,1036,11
LBX074LA,LBX194LA,0.054028887534623316,0.4006467494391093,1037,11
LBX074LA,LBX194LA,0.3649253652504849,1.2679237109427233,1038,11
LBX074LA,LBX194LA,0.020861914086649058,0.7654491631597474,1039,11
LBX074LA,LBX194LA,0.6255460406453821,1.3493155448912688,1040,11
LBX074LA,LBX194LA,-0.3734341448401439,1.23806923030964,1041,11
LBX074LA,LBX194LA,0.027406102082045747,0.6246936703634713,1042,11
LBX074LA,LBX194LA,0.13406397340051868,0.9555616784050648,1043,11
LBX074LA,LBX194LA,0.23474309368790447,0.7787381687728594,1044,11
LBX074LA,LBX194LA,0.544299848997646,0.755981818076602,1045,11
LBX074LA,LBX194LA,0.23560375130250666,0.6649994445591305,1046,11
LBX074LA,LBX194LA,0.151803114433136,0.6634393494329838,1047,11
LBX074LA,LBX194LA,0.16939748792119547,0.6190548117966242,1048,11
LBX074LA,LBX194LA,0.20863212787647023,0.6998028799068038,1049,11
LBX074LA,LBX194LA,-0.0015139464031257432,0.3467312224640223,1050,11
LBX074LA,LBX194LA,0.4968882365715248,1.2425878723579122,1051,11
LBX074LA,LBX194LA,0.3560627352793171,1.4462056429315868,1052,11
LBX074LA,LBX194LA,0.28863611986261883,1.2979466037965963,1053,11
LBX074LA,LBX194LA,0.197180504518923,0.8897153427959159,1054,11
LBX074LA,LBX194LA,1.6864139810271768,2.0603050355777435,1055,11
LBX074LA,LBX194LA,0.02434377611195515,0.46155617212618016,1056,11
LBX074LA,LBX194LA,-0.01891088457251411,0.5746352255794805,1057,11
LBX074LA,LBX194LA,0.03411272980161417,0.6997430811327513,1058,11
LBX074LA,LBX194LA,0.1864782677103749,1.0445366790354917,1059,11
LBX074LA,LBX194LA,-0.05722455278992733,0.6600972658989135,1060,11
LBX074LA,LBX194LA,0.9560410385065085,1.0895446580958517,1061,11
LBX074LA,LBX194LA,1.042996624718623,1.0479454828014982,1062,11
LBX074LA,LBX194LA,0.06752993768807203,0.43549572100723916,1063,11
LBX074LA,LBX194LA,0.802866399484989,1.1605305756726143,1064,11
LBX074LA,LBX194LA,0.22020829301920308,0.5143209663127746,1065,11
LBX074LA,LBX194LA,0.09357903001519308,0.4484978494940835,1066,11
LBX074LA,LBX194LA,0.08070728602370991,0.6570014327178251,1067,11
LBX074LA,LBX194LA,0.1404483804654424,0.7281069670574161,1068,11
LBX074LA,LBX194LA,0.3943807806926136,0.7204734120863857,1069,11
LBX074LA,LBX194LA,0.3563434072318872,0.7518470047533292,1070,11
LBX074LA,LBX194LA,1.2137244575315274,1.3684699352788445,1071,11
LBX074LA,LBX194LA,0.709762137262,0.9020057367804927,1072,11
LBX074LA,LBX194LA,0.09524930476480087,0.4325513111657881,1073,11
LBX074LA,LBX194LA,0.538274017075814,1.0428141577020908,1074,11
LBX074LA,LBX194LA,0.3961790048797511,1.2089313434665834,1075,11
LBX074LA,LBX194LA,6.852673521970942e-4,0.099785368397329,1076,11
LBX074LA,LBX194LA,0.7952161693734157,1.0978413827474782,1077,11
LBX074LA,LBX194LA,1.5504671527508704,1.3168199571932497,1078,11
LBX074LA,LBX194LA,0.2848660827398186,0.7042848369508834,1079,11
LBX074LA,LBX194LA,0.19402451077760574,0.4099040273113363,1080,11
LBX074LA,LBX194LA,0.621574004999232,1.126944213300057,1081,11
LBX074LA,LBX194LA,0.012091790155600357,0.2984637703284375,1082,11
LBX074LA,LBX194LA,0.04371275695362353,0.21726285055479178,1083,11
LBX074LA,LBX194LA,0.05104677380302469,0.5828185743556136,1084,11
LBX074LA,LBX194LA,0.07087450531324357,0.568863590174511,1085,11
LBX074LA,LBX194LA,0.2558142822001015,0.7296858926930017,1086,11
LBX074LA,LBX194LA,0.08762315028553136,0.47260975716555076,1087,11
LBX074LA,LBX194LA,0.13385532560995994,0.48240075026299356,1088,11
LBX074LA,LBX194LA,0.4211051487484676,1.2510340560894964,1089,11
LBX074LA,LBX194LA,0.0946820760318774,0.4816683347768272,1090,11
LBX074LA,LBX194LA,0.17813099693175882,0.5855666200931915,1091,11
LBX074LA,LBX194LA,0.346316860445667,0.7835446155518642,1092,11
LBX074LA,LBX194LA,0.28092012341520567,0.7989172018996389,1093,11
LBX074LA,LBX194LA,0.09266381053420839,0.6181959278385114,1094,11
LBX074LA,LBX194LA,1.0167612449221792,1.0624268520891478,1095,11
LBX074LA,LBX194LA,0.12506253954687452,0.39815444544500267,1096,11
LBX074LA,LBX194LA,0.3476841452914705,0.8002803371550455,1097,11
LBX074LA,LBX194LA,0.07670527575939534,0.7040701357695892,1098,11
LBX074LA,LBX194LA,0.30728184753350263,0.7687582413103052,1099,11
LBX074LA,LBX194LA,0.014529811458935171,0.12892483696334175,1100,11
LBX074LA,LBX194LA,-2.179881534899361,2.7133709928080556,1101,12
LBX074LA,LBX194LA,-0.12060705192876675,0.819012952382667,1102,12
LBX074LA,LBX194LA,-0.3021296838099925,1.1525298566437352,1103,12
LBX074LA,LBX194LA,-0.07055012001195138,0.452309496601015,1104,12
LBX074LA,LBX194LA,-0.11349718458857261,0.6173959937919964,1105,12
LBX074LA,LBX194LA,0.22150297575627675,0.6374602655209127,1106,12
LBX074LA,LBX194LA,0.13413024406620133,0.648824093873096,1107,12
LBX074LA,LBX194LA,1.0208704440066052,2.8263231293078848,1108,12
LBX074LA,LBX194LA,0.0015467015927344008,0.2999776566350564,1109,12
LBX074LA,LBX194LA,-0.1474247260393602,0.7343846443794065,1110,12
LBX074LA,LBX194LA,-0.00437625505956607,1.0840777407936757,1111,12
LBX074LA,LBX194LA,-0.37002894769214656,1.2953897178102045,1112,12
LBX074LA,LBX194LA,0.008786362640885947,0.3851050666190293,1113,12
LBX074LA,LBX194LA,0.06210787872407941,0.714411287929085,1114,12
LBX074LA,LBX194LA,-0.01754286363101354,0.382175195173222,1115,12
LBX074LA,LBX194LA,-0.13666927765342862,0.527448183196264,1116,12
LBX074LA,LBX194LA,-0.05729221754885838,0.5423168515411679,1117,12
LBX074LA,LBX194LA,-0.07577687237855812,0.9745355937517497,1118,12
LBX074LA,LBX194LA,0.006189806035535206,0.578834863492771,1119,12
LBX074LA,LBX194LA,-0.050168752169405195,0.3942278630592955,1120,12
LBX074LA,LBX194LA,0.03337374387236203,0.4324766203670015,1121,12
LBX074LA,LBX194LA,1.8316339861534914e-4,0.6364122671799065,1122,12
LBX074LA,LBX194LA,-1.835177572830915e-4,0.2584720712229678,1123,12
LBX074LA,LBX194LA,-0.37578147335010215,1.2768663424622044,1124,12
LBX074LA,LBX194LA,-0.15349678937521372,0.7670950068093236,1125,12
LBX074LA,LBX194LA,-0.17245049246993371,0.9525610800114427,1126,12
LBX074LA,LBX194LA,0.03714735390230217,0.43866472111582294,1127,12
LBX074LA,LBX194LA,0.044966339513931475,0.3883967400483037,1128,12
LBX074LA,LBX194LA,-0.005137743152340057,0.5843232340943045,1129,12
LBX074LA,LBX194LA,0.035329392326161724,0.5331068243562715,1130,12
LBX074LA,LBX194LA,-0.08404210056632966,1.04858329071279,1131,12
LBX074LA,LBX194LA,0.40831729312596377,0.6564499992881498,1132,12
LBX074LA,LBX194LA,0.0023277152409226787,0.8802849144733829,1133,12
LBX074LA,LBX194LA,-0.5971747128380089,1.2923312952760075,1134,12
LBX074LA,LBX194LA,-0.006451825201015282,1.1009571142575276,1135,12
LBX074LA,LBX194LA,-0.15198799068465485,0.6599088556847598,1136,12
LBX074LA,LBX194LA,-0.052412867553067954,0.5143240770816543,1137,12
LBX074LA,LBX194LA,0.06553029370038121,1.010178812127641,1138,12
LBX074LA,LBX194LA,-0.5882476875120002,1.4441765081340572,1139,12
LBX074LA,LBX194LA,-0.012784474122438994,0.3503942984608404,1140,12
LBX074LA,LBX194LA,-0.1358661527568401,0.7781446578351033,1141,12
LBX074LA,LBX194LA,0.03969611338807799,0.3679217490253471,1142,12
LBX074LA,LBX194LA,0.05302710506319652,0.5996546933491622,1143,12
LBX074LA,LBX194LA,0.0615734245532904,0.6784807417224508,1144,12
LBX074LA,LBX194LA,-0.08457682594221705,1.161338357989619,1145,12
LBX074LA,LBX194LA,-0.1772280184888677,0.6990877943162259,1146,12
LBX074LA,LBX194LA,0.2422619047741552,1.1279253442222388,1147,12
LBX074LA,LBX194LA,0.021104331640094953,0.5621911770908729,1148,12
LBX074LA,LBX194LA,0.2882711855215012,1.1258711189240083,1149,12
LBX074LA,LBX194LA,0.5656738045859564,1.0443751134282966,1150,12
LBX074LA,LBX194LA,-0.04776146603790288,0.6556130479799278,1151,12
LBX074LA,LBX194LA,-0.6481719278291105,1.110787578501546,1152,12
LBX074LA,LBX194LA,-0.21189537502823974,0.6382848030676856,1153,12
LBX074LA,LBX194LA,-0.009372173067429213,0.47954960255409695,1154,12
LBX074LA,LBX194LA,-0.23326627183095194,0.9053581359903495,1155,12
LBX074LA,LBX194LA,-0.1228279805081316,1.0848763956323555,1156,12
LBX074LA,LBX194LA,0.19476700011968173,0.8645023960336774,1157,12
LBX074LA,LBX194LA,-0.04644641119727133,0.43415454088845007,1158,12
LBX074LA,LBX194LA,-0.6492573850180579,1.2372809261705249,1159,12
LBX074LA,LBX194LA,-0.07969845993427627,0.7559431827917612,1160,12
LBX074LA,LBX194LA,-0.014081546090338515,0.4890820169301763,1161,12
LBX074LA,LBX194LA,0.17425579426431348,1.3850986799982619,1162,12
LBX074LA,LBX194LA,-0.02851798903224889,0.9053186665934707,1163,12
LBX074LA,LBX194LA,-0.07519939236660722,0.5141811707317169,1164,12
LBX074LA,LBX194LA,0.043312005159977573,1.1169797286779477,1165,12
LBX074LA,LBX194LA,-0.6960560194494345,1.1467371953452103,1166,12
LBX074LA,LBX194LA,-0.20119709008666842,0.965518203037253,1167,12
LBX074LA,LBX194LA,0.030547160833129805,0.5124970328414896,1168,12
LBX074LA,LBX194LA,0.050591042273051556,0.30401161758622974,1169,12
LBX074LA,LBX194LA,-0.13684763647679077,1.0019117508844553,1170,12
LBX074LA,LBX194LA,-0.10118097661735703,0.48280675779606336,1171,12
LBX074LA,LBX194LA,-0.09440945749620422,0.4974894365442552,1172,12
LBX074LA,LBX194LA,0.11497556339211634,0.4871053913423868,1173,12
LBX074LA,LBX194LA,0.024043465498251315,0.5619018310609764,1174,12
LBX074LA,LBX194LA,0.16184881252431138,0.7229841946881282,1175,12
LBX074LA,LBX194LA,0.14600059689984013,0.6212375558204318,1176,12
LBX074LA,LBX194LA,0.08428365503579727,0.6028141150545461,1177,12
LBX074LA,LBX194LA,-1.9226222471759815,2.57430971940652,1178,12
LBX074LA,LBX194LA,0.18758862117314656,0.8413435330581578,1179,12
LBX074LA,LBX194LA,0.06594868879479066,0.4904624742300948,1180,12
LBX074LA,LBX194LA,-0.025590391929148915,0.5477589461835549,1181,12
LBX074LA,LBX194LA,0.28741778611395574,0.7537717765671972,1182,12
LBX074LA,LBX194LA,-0.2971612943812687,1.1571220154417017,1183,12
LBX074LA,LBX194LA,-0.38630078438303705,1.27115373981181,1184,12
LBX074LA,LBX194LA,0.3505976046037518,1.8444457083479284,1185,12
LBX074LA,LBX194LA,0.13009479569332338,0.7418140824701184,1186,12
LBX074LA,LBX194LA,-0.05836957180529456,0.9467029947475614,1187,12
LBX074LA,LBX194LA,-0.005272283175544068,1.0250449269434898,1188,12
LBX074LA,LBX194LA,-0.1932669293094218,1.4499006688662277,1189,12
LBX074LA,LBX194LA,-0.07672783049744325,0.5170785778539158,1190,12
LBX074LA,LBX194LA,-0.04836264472826013,0.7280061954432425,1191,12
LBX074LA,LBX194LA,0.10788781475401432,0.8126715564884638,1192,12
LBX074LA,LBX194LA,-0.6037784028209341,1.0451552841685718,1193,12
LBX074LA,LBX194LA,-0.06042055733470786,0.5438645911818533,1194,12
LBX074LA,LBX194LA,0.05002120899892404,0.9550335411057075,1195,12
LBX074LA,LBX194LA,-0.16976752132244322,0.6736760481454691,1196,12
LBX074LA,LBX194LA,-0.10435307934513371,0.5334538985911387,1197,12
LBX074LA,LBX194LA,-0.10714496475367286,0.6113509183675065,1198,12
LBX074LA,LBX194LA,0.35488186355395257,1.2159960149403632,1199,12
LBX074LA,LBX194LA,-0.1644558356275745,0.7313417018933854,1200,12
LBX074LA,LBX194LA,0.09125513856922396,1.2515343214145156,1201,13
LBX074LA,LBX194LA,0.0874829509917161,0.39433113378683016,1202,13
LBX074LA,LBX194LA,-0.04872084462377657,0.4633576803590386,1203,13
LBX074LA,LBX194LA,0.032518897941602454,0.3758450116761288,1204,13
LBX074LA,LBX194LA,0.054873716284606466,0.4828697579020523,1205,13
LBX074LA,LBX194LA,0.019352950262358615,0.5146996165996777,1206,13
LBX074LA,LBX194LA,-0.7684763489062303,1.326245220652097,1207,13
LBX074LA,LBX194LA,-0.04060763087344599,0.5769375914397908,1208,13
LBX074LA,LBX194LA,-0.07404864648305676,0.6550125233992669,1209,13
LBX074LA,LBX194LA,-0.06052426231530195,0.5647156833519478,1210,13
LBX074LA,LBX194LA,-0.33489258855875637,0.8992928859007145,1211,13
LBX074LA,LBX194LA,-0.13669752792207746,1.302497512941074,1212,13
LBX074LA,LBX194LA,-0.5058612028925022,1.3364731911215704,1213,13
LBX074LA,LBX194LA,-0.2108566884375307,1.5095707459095795,1214,13
LBX074LA,LBX194LA,-0.17035604399157211,0.5232792947191472,1215,13
LBX074LA,LBX194LA,-0.6587011349523912,1.5662136373466362,1216,13
LBX074LA,LBX194LA,-0.15950279175147308,0.9913008868590235,1217,13
LBX074LA,LBX194LA,0.08845176364053309,1.3163507709066227,1218,13
LBX074LA,LBX194LA,-0.6007640820538871,1.0075504724700197,1219,13
LBX074LA,LBX194LA,-0.1023815763730953,0.7764870806162225,1220,13
LBX074LA,LBX194LA,0.04179025618153975,2.555872373484221,1221,13
LBX074LA,LBX194LA,-0.10667273867107552,0.8247986173256565,1222,13
LBX074LA,LBX194LA,-0.11723081297362903,0.5494047742933942,1223,13
LBX074LA,LBX194LA,-0.007565867971916607,0.4776083428736854,1224,13
LBX074LA,LBX194LA,0.3876818483393887,1.2438928023930849,1225,13
LBX074LA,LBX194LA,-0.4167813318236506,0.9550481647802704,1226,13
LBX074LA,LBX194LA,-0.04171041025117539,0.45125591800974624,1227,13
LBX074LA,LBX194LA,0.07261341826674528,0.9896203660786271,1228,13
LBX074LA,LBX194LA,-0.13553970881926247,0.6777027889402703,1229,13
LBX074LA,LBX194LA,0.008283517765861781,0.4483530849378637,1230,13
LBX074LA,LBX194LA,-0.06928336028611959,0.9423151956860266,1231,13
LBX074LA,LBX194LA,0.040096059451465216,1.432308691420575,1232,13
LBX074LA,LBX194LA,-0.2751581543583894,1.0044205109007263,1233,13
LBX074LA,LBX194LA,-1.0220558961222554,2.4283394708553194,1234,13
LBX074LA,LBX194LA,-0.08809694439188398,0.7326755009038495,1235,13
LBX074LA,LBX194LA,-0.10201858006369324,0.6860335556340733,1236,13
LBX074LA,LBX194LA,-0.15376810061377544,0.8885080503724532,1237,13
LBX074LA,LBX194LA,-0.3950931528809587,1.3536392510330915,1238,13
LBX074LA,LBX194LA,-0.7339351598742141,1.5725725821898437,1239,13
LBX074LA,LBX194LA,0.06214231411426119,0.7379022286003483,1240,13
LBX074LA,LBX194LA,0.002598609719084072,0.20831920418968788,1241,13
LBX074LA,LBX194LA,-0.7368668612703981,1.6049163791367704,1242,13
LBX074LA,LBX194LA,-0.14996792120029934,1.0604044175712823,1243,13
LBX074LA,LBX194LA,-0.16442859840524537,0.5622667529661229,1244,13
LBX074LA,LBX194LA,0.03660867319211647,1.0151521466096538,1245,13
LBX074LA,LBX194LA,-0.20368970137401643,0.9729764294210612,1246,13
LBX074LA,LBX194LA,0.0716542456688023,0.8243056450375397,1247,13
LBX074LA,LBX194LA,-0.21270672297890547,0.9371254588182731,1248,13
LBX074LA,LBX194LA,0.004683600439421287,0.38940373886584373,1249,13
LBX074LA,LBX194LA,-0.12518139265036066,0.8083281940573271,1250,13
LBX074LA,LBX194LA,-0.01819608227963787,1.7393586970475168,1251,13
LBX074LA,LBX194LA,-1.1793583964095573,1.945248016688164,1252,13
LBX074LA,LBX194LA,-0.32229155593988956,0.8667099334331552,1253,13
LBX074LA,LBX194LA,-0.032480265247926354,1.2251926918206966,1254,13
LBX074LA,LBX194LA,0.034710476926392064,1.021664247253794,1255,13
LBX074LA,LBX194LA,7.32217880947239e-4,0.3875869906514171,1256,13
LBX074LA,LBX194LA,-0.2785464535429787,0.7817118180803689,1257,13
LBX074LA,LBX194LA,0.07808537704402863,0.4046496119342912,1258,13
LBX074LA,LBX194LA,-0.7048182421101252,2.2604045929979826,1259,13
LBX074LA,LBX194LA,-0.5843546337922314,1.4274309861805694,1260,13
LBX074LA,LBX194LA,-0.6402522054497757,1.1752794010118262,1261,13
LBX074LA,LBX194LA,-0.054057263877946404,0.37144114802134404,1262,13
LBX074LA,LBX194LA,-0.6863699780486012,1.4891022406563008,1263,13
LBX074LA,LBX194LA,-0.6442210255993635,1.9098484011895112,1264,13
LBX074LA,LBX194LA,-0.08139395917354797,0.7547267528279881,1265,13
LBX074LA,LBX194LA,1.1565796334971967,1.727149997079449,1266,13
LBX074LA,LBX194LA,-0.031170861409377082,1.0332165586262654,1267,13
LBX074LA,LBX194LA,-0.09755851787411363,1.113475242982382,1268,13
LBX074LA,LBX194LA,0.08234035325570899,0.44671361034206425,1269,13
LBX074LA,LBX194LA,-0.2500620051750033,0.8307116997496571,1270,13
LBX074LA,LBX194LA,-0.5557703503405793,0.95467230600104,1271,13
LBX074LA,LBX194LA,-0.05853735713888497,0.9111249466151922,1272,13
LBX074LA,LBX194LA,-0.008270699402650905,0.41651663804674277,1273,13
LBX074LA,LBX194LA,-0.15961213471117564,1.5008708644181845,1274,13
LBX074LA,LBX194LA,-0.08378477538957885,0.9270671574262481,1275,13
LBX074LA,LBX194LA,0.033578429460177084,0.9996492586622535,1276,13
LBX074LA,LBX194LA,-0.10050709764520782,0.6610116323633525,1277,13
LBX074LA,LBX194LA,-0.9765889448849334,1.4965280327710027,1278,13
LBX074LA,LBX194LA,-0.15517242242077633,0.7375433664460392,1279,13
LBX074LA,LBX194LA,-1.0473774808572234,1.5904570682994377,1280,13
LBX074LA,LBX194LA,-0.1475307720116783,0.7183662494496491,1281,13
LBX074LA,LBX194LA,-0.514455172517911,1.47671857516299,1282,13
LBX074LA,LBX194LA,-0.5800235159830911,0.9089231015163559,1283,13
LBX074LA,LBX194LA,-3.5365267233615567,3.4143169416634143,1284,13
LBX074LA,LBX194LA,-0.23549928731334813,2.017057438339174,1285,13
LBX074LA,LBX194LA,-0.005602852319118945,0.7647286358365836,1286,13
LBX074LA,LBX194LA,-0.11484469521835017,0.762055691310076,1287,13
LBX074LA,LBX194LA,-0.06266226285147747,0.8600079818186104,1288,13
LBX074LA,LBX194LA,-0.3884287974716303,0.6815164084504202,1289,13
LBX074LA,LBX194LA,0.2202233288283022,1.398357045250568,1290,13
LBX074LA,LBX194LA,0.02173726273354859,0.5323210067507722,1291,13
LBX074LA,LBX194LA,-0.4871205571455022,1.1412872471198836,1292,13
LBX074LA,LBX194LA,-0.10481739932854062,0.6465354349569811,1293,13
LBX074LA,LBX194LA,0.022806927897674356,0.4473389918497807,1294,13
LBX074LA,LBX194LA,0.007664549169475343,0.7600316394151716,1295,13
LBX074LA,LBX194LA,-0.07350251795646567,0.7819205870111279,1296,13
LBX074LA,LBX194LA,-0.6048870697018938,1.4156652408418158,1297,13
LBX074LA,LBX194LA,-0.30788316280671957,0.8918638142353292,1298,13
LBX074LA,LBX194LA,-0.0345074478966767,0.5945333161211543,1299,13
LBX074LA,LBX194LA,-0.6308246489151319,1.0067925890531306,1300,13
