variable,fixedat1,fixedat2,est,sd,trial,case
Hg,Ni,Tl,0.3152191754527758,0.4891805949823754,1301,14
Ni,Tl,Hg,-0.253626800920693,0.5870338447385902,1301,14
Tl,Hg,Ni,-0.42323954465771063,0.5705996686146273,1301,14
Hg,Ni,Tl,-0.16707963593631225,0.3829476839097289,1302,14
Ni,Tl,Hg,-0.020446620265590187,0.44538986720607565,1302,14
Tl,Hg,Ni,0.131512744320899,0.39221748038266563,1302,14
Hg,Ni,Tl,0.31305503455546413,0.46342530187022307,1303,14
Ni,Tl,Hg,0.18413814973100484,0.44248190824071026,1303,14
Tl,Hg,Ni,0.4216296423712369,0.4622713883871536,1303,14
Hg,Ni,Tl,0.19228675379752902,0.6541613607010539,1304,14
Ni,Tl,Hg,0.5319486706235823,0.731121187336651,1304,14
Tl,Hg,Ni,0.28154883236303796,0.6683807524403119,1304,14
Hg,Ni,Tl,0.28515282441525747,0.47754076314214233,1305,14
Ni,Tl,Hg,0.31413169983302724,0.47017584231230763,1305,14
Tl,Hg,Ni,0.2413760576012809,0.37480920592731976,1305,14
Hg,Ni,Tl,-0.08516772903527281,0.5088616104403503,1306,14
Ni,Tl,Hg,-0.10732968331815673,0.47231130025323825,1306,14
Tl,Hg,Ni,-0.24328189088124885,0.4995660725616897,1306,14
Hg,Ni,Tl,0.5713459779298284,0.576717338031344,1307,14
Ni,Tl,Hg,0.5082750730902976,0.5257885090975584,1307,14
Tl,Hg,Ni,0.09440821018528078,0.3828812418166658,1307,14
Hg,Ni,Tl,0.1574512457638617,0.4736598371510605,1308,14
Ni,Tl,Hg,-0.012506043630151176,0.4539252703535164,1308,14
Tl,Hg,Ni,-0.009279375592517347,0.34642048925560787,1308,14
Hg,Ni,Tl,-0.49562502062058655,0.6315736705732714,1309,14
Ni,Tl,Hg,-0.4192462652691553,0.566357940628267,1309,14
Tl,Hg,Ni,0.054777022385954055,0.4406099856928476,1309,14
Hg,Ni,Tl,0.04714151483953177,0.2549466089040504,1310,14
Ni,Tl,Hg,0.23130306808017043,0.39200181501074827,1310,14
Tl,Hg,Ni,0.17196834667423033,0.33040629201788285,1310,14
Hg,Ni,Tl,0.03294065022774273,0.5960171318567578,1311,14
Ni,Tl,Hg,0.07876022837335173,0.5084839399530906,1311,14
Tl,Hg,Ni,-0.19527696063143885,0.6982964150351877,1311,14
Hg,Ni,Tl,0.028622370650633125,0.4392115028513006,1312,14
Ni,Tl,Hg,-0.061961493071702387,0.38222902647491647,1312,14
Tl,Hg,Ni,-0.11089814879157302,0.345857541704946,1312,14
Hg,Ni,Tl,0.09970870496804451,0.5220418752425493,1313,14
Ni,Tl,Hg,-0.3783136497927053,0.6162536384443351,1313,14
Tl,Hg,Ni,-0.20564101930058687,0.5476455997180943,1313,14
Hg,Ni,Tl,0.30133132534759577,0.8188963817589147,1314,14
Ni,Tl,Hg,-0.10524773874396809,0.9367893765753788,1314,14
Tl,Hg,Ni,-0.3830262082227214,0.7480234364585812,1314,14
Hg,Ni,Tl,-0.2958846643126454,0.7614270537598674,1315,14
Ni,Tl,Hg,-0.342021720155266,0.6981177286212537,1315,14
Tl,Hg,Ni,-0.17570914977556562,0.6404961527009437,1315,14
Hg,Ni,Tl,-0.004960328769139544,0.3030973133220417,1316,14
Ni,Tl,Hg,-0.03817845616994431,0.20636310391809795,1316,14
Tl,Hg,Ni,0.04185813536418337,0.2658508197965858,1316,14
Hg,Ni,Tl,0.05063835986664067,0.44358654869304004,1317,14
Ni,Tl,Hg,0.08523934434125913,0.38694744534765085,1317,14
Tl,Hg,Ni,0.008585567998078858,0.35858855052081995,1317,14
Hg,Ni,Tl,-0.3631160875139967,0.7574678012468273,1318,14
Ni,Tl,Hg,-1.4177077083976588,0.8475321843154124,1318,14
Tl,Hg,Ni,-0.7247575010464726,0.8750643524523722,1318,14
Hg,Ni,Tl,0.08289908753482411,0.34623077473637937,1319,14
Ni,Tl,Hg,-0.004551950656217052,0.35200412664451036,1319,14
Tl,Hg,Ni,0.0017273057100650746,0.30538093002575023,1319,14
Hg,Ni,Tl,0.2717037893430767,0.5340307654146975,1320,14
Ni,Tl,Hg,0.39067650028217094,0.5790978934206779,1320,14
Tl,Hg,Ni,0.2502155398536623,0.4758800036634849,1320,14
Hg,Ni,Tl,0.16008505099777626,0.43682749132048593,1321,14
Ni,Tl,Hg,0.01608282707065456,0.3584641950127018,1321,14
Tl,Hg,Ni,0.03533052971998529,0.38916185019341376,1321,14
Hg,Ni,Tl,0.23288591491862576,0.5706080737787659,1322,14
Ni,Tl,Hg,0.1527351183089367,0.6586909897375948,1322,14
Tl,Hg,Ni,-0.016545921534720343,0.5044251904613074,1322,14
Hg,Ni,Tl,-0.29369687760250507,0.6364075487068352,1323,14
Ni,Tl,Hg,-0.10623903184306283,0.5175433400153706,1323,14
Tl,Hg,Ni,-0.3645620392271507,0.5968616593355209,1323,14
Hg,Ni,Tl,0.05882629434861819,0.6107660527876506,1324,14
Ni,Tl,Hg,0.1568898533740306,0.5484552182584165,1324,14
Tl,Hg,Ni,-0.20630025865619483,0.48487610542889836,1324,14
Hg,Ni,Tl,0.4816846659931451,0.7091296598304573,1325,14
Ni,Tl,Hg,0.6029009228885092,0.6772229729966666,1325,14
Tl,Hg,Ni,0.04242512311810209,0.697735658320207,1325,14
Hg,Ni,Tl,0.3230806059619793,0.5890415533550953,1326,14
Ni,Tl,Hg,0.4145881627608592,0.5979365866761146,1326,14
Tl,Hg,Ni,-0.004193331215351925,0.39328918136698593,1326,14
Hg,Ni,Tl,0.026586265301392853,0.21813812641380603,1327,14
Ni,Tl,Hg,0.05206229035471033,0.2272535483087365,1327,14
Tl,Hg,Ni,0.024286569675865177,0.23227028252062884,1327,14
Hg,Ni,Tl,-0.6248789009615225,0.5687614137676157,1328,14
Ni,Tl,Hg,-0.45844247068693056,0.53636074203298445,1328,14
Tl,Hg,Ni,-0.21711040023172767,0.48908914635492645,1328,14
Hg,Ni,Tl,0.35549268633208175,0.47347438292262234,1329,14
Ni,Tl,Hg,-0.14186117197971182,0.497666978608087,1329,14
Tl,Hg,Ni,-0.14685157159611428,0.5180924089592973,1329,14
Hg,Ni,Tl,-0.022497968698730997,0.4516138639445313,1330,14
Ni,Tl,Hg,0.08621574592990866,0.3758922896211574,1330,14
Tl,Hg,Ni,-0.2539123740768212,0.4180239452698568,1330,14
Hg,Ni,Tl,-0.42856797539776004,0.46757243507050333,1331,14
Ni,Tl,Hg,-0.33252675280704214,0.4762296805659575,1331,14
Tl,Hg,Ni,-0.0817825894856119,0.46085991575342994,1331,14
Hg,Ni,Tl,-0.07448856732250331,0.4354949374283731,1332,14
Ni,Tl,Hg,0.03236676192761134,0.3807419971948793,1332,14
Tl,Hg,Ni,-0.08624401687454775,0.36159862768256296,1332,14
Hg,Ni,Tl,-0.018943332268653634,0.42345473041517345,1333,14
Ni,Tl,Hg,7.361900060249837e-4,0.38456785873248567,1333,14
Tl,Hg,Ni,0.2220367178384519,0.4021203225534718,1333,14
Hg,Ni,Tl,0.27351588772132374,0.6303972095087376,1334,14
Ni,Tl,Hg,0.43989583044577607,0.6498503709661521,1334,14
Tl,Hg,Ni,-0.2071223843842125,0.7296823797325596,1334,14
Hg,Ni,Tl,-0.3287534370527869,0.5229383823975489,1335,14
Ni,Tl,Hg,0.0441867859398859,0.5070149763968376,1335,14
Tl,Hg,Ni,-0.2906272050869394,0.5062506201556244,1335,14
Hg,Ni,Tl,-0.6211910745039722,0.5338033509811854,1336,14
Ni,Tl,Hg,-0.5902390692972082,0.4809341716616134,1336,14
Tl,Hg,Ni,-0.0900479980366733,0.3969895924349509,1336,14
Hg,Ni,Tl,0.17870150658292183,0.5974425108590332,1337,14
Ni,Tl,Hg,-0.806460042115897,0.766001894527229,1337,14
Tl,Hg,Ni,-0.9507828928202939,0.8045014882488395,1337,14
Hg,Ni,Tl,0.28302963363544276,0.6050547035445736,1338,14
Ni,Tl,Hg,0.004339196068959161,0.5899678010975452,1338,14
Tl,Hg,Ni,-0.233600969393156,0.5603732640681706,1338,14
Hg,Ni,Tl,-0.04089772983525908,0.454953648878221,1339,14
Ni,Tl,Hg,0.026467074485349684,0.47262296463090414,1339,14
Tl,Hg,Ni,0.03501196280807495,0.43786155598224663,1339,14
Hg,Ni,Tl,-0.39053786955093284,0.48844366906933795,1340,14
Ni,Tl,Hg,0.051181530770166184,0.45632550679969414,1340,14
Tl,Hg,Ni,-0.07756823223538933,0.4399949985110965,1340,14
Hg,Ni,Tl,0.037873453044396044,0.3919564452309626,1341,14
Ni,Tl,Hg,0.01320986250134304,0.45996949371026047,1341,14
Tl,Hg,Ni,-0.08906950858383134,0.42593736773594476,1341,14
Hg,Ni,Tl,-0.5407027844474754,1.3308494995172966,1342,14
Ni,Tl,Hg,0.17909360664073137,2.0413299885546063,1342,14
Tl,Hg,Ni,0.544986021055121,1.655887434292994,1342,14
Hg,Ni,Tl,0.20651090122278737,0.5751048166764088,1343,14
Ni,Tl,Hg,-0.06664871346129375,0.5503736731661315,1343,14
Tl,Hg,Ni,-0.36349349763388783,0.505522544318418,1343,14
Hg,Ni,Tl,-0.7599370384965427,0.798868466732611,1344,14
Ni,Tl,Hg,0.5170618314245043,0.9279528970166901,1344,14
Tl,Hg,Ni,0.593658187024066,0.8805458535490864,1344,14
Hg,Ni,Tl,0.024081543869666433,0.646600801718255,1345,14
Ni,Tl,Hg,0.046848225844816405,0.6569362416294818,1345,14
Tl,Hg,Ni,0.001909077142872917,0.3629330488744411,1345,14
Hg,Ni,Tl,-0.06330400229738586,0.8444586564580014,1346,14
Ni,Tl,Hg,-0.03663697871370797,0.7949994357316589,1346,14
Tl,Hg,Ni,0.08186700993614204,0.452542209623511,1346,14
Hg,Ni,Tl,-0.3719919746355713,0.717035927426421,1347,14
Ni,Tl,Hg,-0.13381256046448575,0.7668618857004317,1347,14
Tl,Hg,Ni,0.467016819837317,0.5937131543500206,1347,14
Hg,Ni,Tl,0.1537534747134277,0.5250655661366896,1348,14
Ni,Tl,Hg,0.1551321047431813,0.48706296821735723,1348,14
Tl,Hg,Ni,-0.00944127944732287,0.4594309519162133,1348,14
Hg,Ni,Tl,0.006152302627665307,0.4706811841171572,1349,14
Ni,Tl,Hg,-0.04838572340844616,0.4536532680016283,1349,14
Tl,Hg,Ni,-0.1915456844785326,0.4358250675746191,1349,14
Hg,Ni,Tl,0.56577574997414,1.0830775289568826,1350,14
Ni,Tl,Hg,0.39695748891543836,1.2919834652310356,1350,14
Tl,Hg,Ni,-0.21630116416076728,0.8650634228027735,1350,14
Hg,Ni,Tl,0.007869967032146263,0.44026022457004155,1351,14
Ni,Tl,Hg,0.2572205894744606,0.4328789247676547,1351,14
Tl,Hg,Ni,0.07222400349910796,0.3901843939472062,1351,14
Hg,Ni,Tl,0.27198024261297515,0.7184467083056327,1352,14
Ni,Tl,Hg,0.11060613124031349,0.6372725422648248,1352,14
Tl,Hg,Ni,0.22971115046502621,0.6348917750657516,1352,14
Hg,Ni,Tl,0.2191840351286194,0.42686500617934375,1353,14
Ni,Tl,Hg,0.20821007775556621,0.48945933037219025,1353,14
Tl,Hg,Ni,0.034570365529402736,0.4060937238575842,1353,14
Hg,Ni,Tl,-0.1821081366405659,0.3737690196558952,1354,14
Ni,Tl,Hg,-0.20861392254936373,0.40304955524722547,1354,14
Tl,Hg,Ni,-0.15802103708243376,0.4086205038506015,1354,14
Hg,Ni,Tl,0.027111935783971308,0.5026009479510363,1355,14
Ni,Tl,Hg,0.15730996839308498,0.4409403738247197,1355,14
Tl,Hg,Ni,-0.018642740324645413,0.4209250071677834,1355,14
Hg,Ni,Tl,1.0596628799236525,1.1705069955969893,1356,14
Ni,Tl,Hg,1.4932782305860384,1.0077768900454813,1356,14
Tl,Hg,Ni,0.8809498479706495,1.0728192182546483,1356,14
Hg,Ni,Tl,-0.20636999463381844,0.49671519261393343,1357,14
Ni,Tl,Hg,-0.25026763378143,0.49007019301403903,1357,14
Tl,Hg,Ni,0.09465561708219727,0.47624701577583006,1357,14
Hg,Ni,Tl,0.5346129655920464,0.8730365041840059,1358,14
Ni,Tl,Hg,0.04662018434312554,0.7040363888494394,1358,14
Tl,Hg,Ni,0.42403845089045245,0.7382630200446981,1358,14
Hg,Ni,Tl,0.021656748046969376,0.5026926761447047,1359,14
Ni,Tl,Hg,-2.6276635842847895e-4,0.42787523154554424,1359,14
Tl,Hg,Ni,-0.10088539600579516,0.4639217778692749,1359,14
Hg,Ni,Tl,0.41429483124876265,0.6193963091241576,1360,14
Ni,Tl,Hg,0.21205175127856357,0.6520442222913263,1360,14
Tl,Hg,Ni,0.09966579718760915,0.52867859255999206,1360,14
Hg,Ni,Tl,-0.040552952562751265,0.4848476431920249,1361,14
Ni,Tl,Hg,-0.12632067999382812,0.5658071339995585,1361,14
Tl,Hg,Ni,-0.04801579675301504,0.46738895379370826,1361,14
Hg,Ni,Tl,-0.31836761704996075,0.6764168388242944,1362,14
Ni,Tl,Hg,-0.3465250695715012,0.9133705505339663,1362,14
Tl,Hg,Ni,-0.20868959321930447,0.7390464417332195,1362,14
Hg,Ni,Tl,0.23877307318454832,0.5918058923258772,1363,14
Ni,Tl,Hg,-0.05720169567130995,0.6792559278783924,1363,14
Tl,Hg,Ni,-0.10721142069208955,0.5750009416769342,1363,14
Hg,Ni,Tl,-0.7806066142048493,0.7040739869125507,1364,14
Ni,Tl,Hg,-1.176499541392615,0.7870241263059561,1364,14
Tl,Hg,Ni,-0.49071981743336757,0.5935232764416783,1364,14
Hg,Ni,Tl,0.6762060328595578,0.5450722276201275,1365,14
Ni,Tl,Hg,0.37000480198281505,0.544001196126583,1365,14
Tl,Hg,Ni,0.16699371534413388,0.5288549836115979,1365,14
Hg,Ni,Tl,0.04167330884989173,0.4682637181024689,1366,14
Ni,Tl,Hg,-0.033487822750239093,0.4892576716515932,1366,14
Tl,Hg,Ni,0.14279836943699387,0.4245641897532151,1366,14
Hg,Ni,Tl,-0.13500960441681098,0.619161221866204,1367,14
Ni,Tl,Hg,0.4761290758361394,0.8804879342049166,1367,14
Tl,Hg,Ni,0.5731239953301195,0.755582069088521,1367,14
Hg,Ni,Tl,-0.7208924258484629,0.7529100500850812,1368,14
Ni,Tl,Hg,-0.30448694269192755,0.9699734229973269,1368,14
Tl,Hg,Ni,0.2580452455244753,0.8440985536305895,1368,14
Hg,Ni,Tl,-0.24358415289998447,0.48988492315356247,1369,14
Ni,Tl,Hg,-0.24245822906924808,0.4571631337753141,1369,14
Tl,Hg,Ni,-0.14726251695713266,0.3993363544150788,1369,14
Hg,Ni,Tl,-0.18549426392757962,0.7804574859720274,1370,14
Ni,Tl,Hg,0.297167968268643,0.8904546852703823,1370,14
Tl,Hg,Ni,0.1785060604627824,0.779251109120404,1370,14
Hg,Ni,Tl,0.4579468184474149,0.7317499081872527,1371,14
Ni,Tl,Hg,0.12514608671583183,0.7655270273696554,1371,14
Tl,Hg,Ni,-0.23017878523575508,0.647505784618165,1371,14
Hg,Ni,Tl,-0.7651818717544758,0.8197692893390846,1372,14
Ni,Tl,Hg,-0.36140511098830963,0.7596161196793276,1372,14
Tl,Hg,Ni,-0.39859210919405186,0.8112498854573768,1372,14
Hg,Ni,Tl,0.3253827973957666,0.5181043624644179,1373,14
Ni,Tl,Hg,0.06277814317698116,0.5258746326749778,1373,14
Tl,Hg,Ni,0.05362988050261386,0.4276897370221104,1373,14
Hg,Ni,Tl,-0.08054201173305131,0.5089666136658876,1374,14
Ni,Tl,Hg,-0.033933648110386905,0.5401446179813701,1374,14
Tl,Hg,Ni,-0.08023643267675507,0.3686683531523052,1374,14
Hg,Ni,Tl,0.189179965250184,0.32362086342684787,1375,14
Ni,Tl,Hg,0.19293894376454235,0.30302291788341096,1375,14
Tl,Hg,Ni,0.1495748021399681,0.35121387692416456,1375,14
Hg,Ni,Tl,0.8414359839328673,0.7972380373145987,1376,14
Ni,Tl,Hg,0.9049787014657769,0.8609297149367964,1376,14
Tl,Hg,Ni,-0.038807828527565036,0.5664483605493362,1376,14
Hg,Ni,Tl,-0.14280326441173408,0.45725921142903,1377,14
Ni,Tl,Hg,-0.18414018709620716,0.41896703329735346,1377,14
Tl,Hg,Ni,-0.03460016473865846,0.41037186838951606,1377,14
Hg,Ni,Tl,0.3646017283346614,0.7094095071742362,1378,14
Ni,Tl,Hg,-0.08265201037758363,0.7981077026422336,1378,14
Tl,Hg,Ni,-0.08349172987596765,0.7792303588897718,1378,14
Hg,Ni,Tl,1.3411791942690945,0.6156152698538436,1379,14
Ni,Tl,Hg,0.6211565956461709,0.6576167073352934,1379,14
Tl,Hg,Ni,0.12998720703031963,0.6600633465156021,1379,14
Hg,Ni,Tl,0.0850412376533245,0.5259470418937571,1380,14
Ni,Tl,Hg,0.1101502364713518,0.5928566694771983,1380,14
Tl,Hg,Ni,-0.19046985036488628,0.5522118077751357,1380,14
Hg,Ni,Tl,0.265747465764703,0.5226551561315871,1381,14
Ni,Tl,Hg,0.28614761271968225,0.5735978835400729,1381,14
Tl,Hg,Ni,0.041360339191673035,0.5962928521460014,1381,14
Hg,Ni,Tl,-0.030177288797029522,0.41724814016851286,1382,14
Ni,Tl,Hg,0.03770976008576765,0.452359713051265,1382,14
Tl,Hg,Ni,-0.03265838824993361,0.43336012632435006,1382,14
Hg,Ni,Tl,0.88450572819991,0.6820711530297912,1383,14
Ni,Tl,Hg,1.3152958005899604,0.7689726908301125,1383,14
Tl,Hg,Ni,0.7025777765903083,0.7097792273635584,1383,14
Hg,Ni,Tl,0.13490052737312208,0.38811429826697075,1384,14
Ni,Tl,Hg,0.08430688324263613,0.3823369314616866,1384,14
Tl,Hg,Ni,-0.08480763552933812,0.4023684980724708,1384,14
Hg,Ni,Tl,0.01727610957458081,0.2998014289844035,1385,14
Ni,Tl,Hg,-0.028765566482274796,0.38932984177873925,1385,14
Tl,Hg,Ni,-0.06634070562421801,0.3294548084994831,1385,14
Hg,Ni,Tl,0.10190555079075647,0.5686155198912737,1386,14
Ni,Tl,Hg,-0.01856914480018723,0.48839992259203974,1386,14
Tl,Hg,Ni,0.21090081662385263,0.497112153750135,1386,14
Hg,Ni,Tl,0.063127915561493,0.4921305860974418,1387,14
Ni,Tl,Hg,0.09107734029591397,0.3436083687731429,1387,14
Tl,Hg,Ni,-0.1789488254146292,0.4469108718859132,1387,14
Hg,Ni,Tl,-0.06401460909712497,0.8570977629306225,1388,14
Ni,Tl,Hg,0.0716010611276312,0.8616405583666511,1388,14
Tl,Hg,Ni,0.010540211508936359,0.6840252268612614,1388,14
Hg,Ni,Tl,-1.1538767461516386e-5,0.42569901299673757,1389,14
Ni,Tl,Hg,-0.12219414834425546,0.47457994782556656,1389,14
Tl,Hg,Ni,-0.04322995791014339,0.38913753178577276,1389,14
Hg,Ni,Tl,-0.3918910514513283,0.662868446357574,1390,14
Ni,Tl,Hg,-0.3401413538273723,0.628645428807996,1390,14
Tl,Hg,Ni,-0.07086700813925795,0.6636719908021801,1390,14
Hg,Ni,Tl,-0.0044913281609417766,0.7063392017815142,1391,14
Ni,Tl,Hg,-0.36278982705706575,0.7850159620959564,1391,14
Tl,Hg,Ni,-0.33837808469667063,0.8308112789454503,1391,14
Hg,Ni,Tl,0.10142548397510076,0.5502175539594466,1392,14
Ni,Tl,Hg,-0.2416579879028422,0.5815183515923152,1392,14
Tl,Hg,Ni,-0.1196464837547162,0.5484373934646941,1392,14
Hg,Ni,Tl,-0.0975789219375689,0.6364725997877182,1393,14
Ni,Tl,Hg,-0.08954916746805486,0.5418333222121745,1393,14
Tl,Hg,Ni,-0.14758912321914908,0.5760745300468703,1393,14
Hg,Ni,Tl,0.2186464218940376,0.55333676539423,1394,14
Ni,Tl,Hg,0.29916084242582297,0.5198250157429325,1394,14
Tl,Hg,Ni,0.05692424137597252,0.4426497599518767,1394,14
Hg,Ni,Tl,0.17222780916567615,0.5995743294149751,1395,14
Ni,Tl,Hg,-0.082044891523541,0.5361278236840187,1395,14
Tl,Hg,Ni,0.03697347032261522,0.5384803543615863,1395,14
Hg,Ni,Tl,1.0756802814675068,0.8507216379331956,1396,14
Ni,Tl,Hg,-0.7547233178496553,0.7845074203623953,1396,14
Tl,Hg,Ni,0.6446773371803936,0.9462639271330798,1396,14
Hg,Ni,Tl,-0.3662487112587707,0.5425302917410751,1397,14
Ni,Tl,Hg,0.05735923484985106,0.5696756135753565,1397,14
Tl,Hg,Ni,0.07280484297390899,0.5606127545811194,1397,14
Hg,Ni,Tl,0.054218985841653744,0.5058380272397404,1398,14
Ni,Tl,Hg,-0.036989778930025974,0.5610913853191243,1398,14
Tl,Hg,Ni,0.12823717987674987,0.4894780483806767,1398,14
Hg,Ni,Tl,0.0030268280985898954,0.5673347408564492,1399,14
Ni,Tl,Hg,0.050761327895295416,0.5278193753487458,1399,14
Tl,Hg,Ni,0.057336124417648904,0.5377157073762945,1399,14
Hg,Ni,Tl,0.013983583299074898,0.45786422114341924,1400,14
Ni,Tl,Hg,0.05972447613785503,0.39992899867716675,1400,14
Tl,Hg,Ni,0.08484460020577966,0.3491441059980157,1400,14
Hg,Ni,Tl,-0.10219572341570071,0.378672699668692,1401,15
Ni,Tl,Hg,-0.29568541446348373,0.40114967195857987,1401,15
Tl,Hg,Ni,0.011678865764245039,0.32827493626362536,1401,15
Hg,Ni,Tl,0.3771224699523188,0.45226913082080866,1402,15
Ni,Tl,Hg,-0.2627690883872962,0.4858828665135211,1402,15
Tl,Hg,Ni,-0.12217740744784411,0.5482758407947714,1402,15
Hg,Ni,Tl,-0.22137392700337788,0.5710173903015733,1403,15
Ni,Tl,Hg,-0.029565708337925045,0.5116132571163698,1403,15
Tl,Hg,Ni,-0.1779333187466552,0.521266665501839,1403,15
Hg,Ni,Tl,-0.24125844022697507,0.5829850016638919,1404,15
Ni,Tl,Hg,-0.27757004297538845,0.579570132496768,1404,15
Tl,Hg,Ni,0.018682321289240633,0.43487855835788103,1404,15
Hg,Ni,Tl,-0.28821315584239127,0.4981069722204396,1405,15
Ni,Tl,Hg,-0.19001413261208366,0.515720190301755,1405,15
Tl,Hg,Ni,-0.11791728666559909,0.41650584405755375,1405,15
Hg,Ni,Tl,0.036746802146572666,0.451658959316003,1406,15
Ni,Tl,Hg,-0.08284702003671729,0.4197157370057922,1406,15
Tl,Hg,Ni,0.040868387297370745,0.3667536157249646,1406,15
Hg,Ni,Tl,-0.21800160413236203,0.3389464821431045,1407,15
Ni,Tl,Hg,-0.225267148824293,0.3861438126146382,1407,15
Tl,Hg,Ni,-0.0809723680938017,0.3175613881082567,1407,15
Hg,Ni,Tl,-0.2001882401096884,0.4975625313448108,1408,15
Ni,Tl,Hg,-0.15473666399805186,0.3963439345432504,1408,15
Tl,Hg,Ni,-0.15974065201718446,0.4680072593654392,1408,15
Hg,Ni,Tl,-0.21930700789119673,0.4544537287046959,1409,15
Ni,Tl,Hg,-0.03973701825391629,0.3904914186896091,1409,15
Tl,Hg,Ni,-0.17859588339345134,0.47197854544533246,1409,15
Hg,Ni,Tl,-0.34784062617562483,0.6107974914094852,1410,15
Ni,Tl,Hg,0.1329651037887043,0.5959951127699555,1410,15
Tl,Hg,Ni,-0.27023970292933086,0.5061064927598242,1410,15
Hg,Ni,Tl,0.04200953633070981,0.4042850553646188,1411,15
Ni,Tl,Hg,0.16437129058819355,0.45418339961866366,1411,15
Tl,Hg,Ni,-0.0498405565687845,0.4052688321804393,1411,15
Hg,Ni,Tl,0.31802424400584695,0.5911542410074833,1412,15
Ni,Tl,Hg,0.4375908539660074,0.5499304205190809,1412,15
Tl,Hg,Ni,0.01740738495085825,0.464973537491142,1412,15
Hg,Ni,Tl,0.3389129167702136,0.5413754245376624,1413,15
Ni,Tl,Hg,0.1669181297940141,0.6013814321625615,1413,15
Tl,Hg,Ni,-0.22517235723970153,0.517936180600862,1413,15
Hg,Ni,Tl,0.024957284969903792,0.5844656191955135,1414,15
Ni,Tl,Hg,0.2719588402831259,0.6442615881395021,1414,15
Tl,Hg,Ni,0.5391117372607863,0.5980860507456133,1414,15
Hg,Ni,Tl,0.34700608402445887,0.46095462313909163,1415,15
Ni,Tl,Hg,0.40544943819155543,0.5011801262304715,1415,15
Tl,Hg,Ni,0.06070953471258633,0.3636145180927678,1415,15
Hg,Ni,Tl,-0.11693275110292634,0.6090732512602759,1416,15
Ni,Tl,Hg,-0.027715372137865568,0.6074534070368177,1416,15
Tl,Hg,Ni,-0.24310988794765587,0.47817171698317656,1416,15
Hg,Ni,Tl,0.11578597407598057,0.5080613218897436,1417,15
Ni,Tl,Hg,-0.05389817780265327,0.4772727778400845,1417,15
Tl,Hg,Ni,-0.07847991637691987,0.5038252483723203,1417,15
Hg,Ni,Tl,0.010688801159887351,0.3580139158459409,1418,15
Ni,Tl,Hg,-0.022981602776152688,0.4274360275354427,1418,15
Tl,Hg,Ni,0.06091836833966768,0.35612236225045785,1418,15
Hg,Ni,Tl,0.7522792152084175,0.7177584102762289,1419,15
Ni,Tl,Hg,0.7901474357968716,0.7297938080586451,1419,15
Tl,Hg,Ni,0.051021390616030615,0.48491983770875785,1419,15
Hg,Ni,Tl,-0.3321968826073718,0.5178005582061983,1420,15
Ni,Tl,Hg,0.1354503459611811,0.4801664858807354,1420,15
Tl,Hg,Ni,-0.05865457493723225,0.5055858263508815,1420,15
Hg,Ni,Tl,0.07596361008692831,0.3691139104329421,1421,15
Ni,Tl,Hg,0.143722093986411,0.39851909541922403,1421,15
Tl,Hg,Ni,0.0815851907901024,0.2583262191129009,1421,15
Hg,Ni,Tl,-1.0665221782679346,0.825575798008991,1422,15
Ni,Tl,Hg,-1.0176867005283698,1.0030233037314442,1422,15
Tl,Hg,Ni,-0.03746442194904276,0.7686432968522902,1422,15
Hg,Ni,Tl,-0.10865639344215072,0.39739955374869873,1423,15
Ni,Tl,Hg,-0.22098430924155021,0.3674173005380057,1423,15
Tl,Hg,Ni,0.1180791924345912,0.30117394170793194,1423,15
Hg,Ni,Tl,-0.8496693511606628,0.7556861242152483,1424,15
Ni,Tl,Hg,-0.5434229239171531,0.944845150248336,1424,15
Tl,Hg,Ni,0.033278044127594164,0.8338249773191746,1424,15
Hg,Ni,Tl,-0.3063440454008939,0.5585672625161929,1425,15
Ni,Tl,Hg,-0.14654175966935234,0.4811015146231308,1425,15
Tl,Hg,Ni,0.024321893286140206,0.4418365429914216,1425,15
Hg,Ni,Tl,-0.1066293010392938,0.6025227791976945,1426,15
Ni,Tl,Hg,-0.609151409665937,0.6641121448243492,1426,15
Tl,Hg,Ni,-0.34360798333513953,0.6274406954366067,1426,15
Hg,Ni,Tl,-0.06461180958348711,0.48598446883959806,1427,15
Ni,Tl,Hg,-0.09292859135316123,0.505751051472921,1427,15
Tl,Hg,Ni,0.04235033671530086,0.4116422081332204,1427,15
Hg,Ni,Tl,0.536316000194569,0.6326913472143357,1428,15
Ni,Tl,Hg,0.48678756395028167,0.7171192664395537,1428,15
Tl,Hg,Ni,-0.18874612013823366,0.6270026647437579,1428,15
Hg,Ni,Tl,0.5866789304742053,0.9557413341476783,1429,15
Ni,Tl,Hg,0.17367250568364145,1.0110954755965655,1429,15
Tl,Hg,Ni,-0.3454747000049645,0.7129558584922541,1429,15
Hg,Ni,Tl,0.39689201237164884,0.721575040442794,1430,15
Ni,Tl,Hg,-0.16063294815559992,0.7143744165168354,1430,15
Tl,Hg,Ni,0.3514623148820961,0.7412295052958027,1430,15
Hg,Ni,Tl,0.07449646717176206,0.33727382248406984,1431,15
Ni,Tl,Hg,0.18373495820505825,0.3980641582487547,1431,15
Tl,Hg,Ni,0.07450340392903554,0.28582847354717034,1431,15
Hg,Ni,Tl,0.4151530546339265,0.6456882853906101,1432,15
Ni,Tl,Hg,-0.034718310071235936,0.6089734185163265,1432,15
Tl,Hg,Ni,-0.3206299555467874,0.6383257211904765,1432,15
Hg,Ni,Tl,1.481345957512465,0.8289057066141409,1433,15
Ni,Tl,Hg,0.701620396083233,0.6746734455099263,1433,15
Tl,Hg,Ni,0.9704375693898681,0.7327867111229007,1433,15
Hg,Ni,Tl,-0.38543260581977945,0.7939298307445033,1434,15
Ni,Tl,Hg,-0.09403712465359515,0.5376008574030177,1434,15
Tl,Hg,Ni,-0.21343647220280593,0.6943668707201999,1434,15
Hg,Ni,Tl,0.014607608595259336,0.4066073053480042,1435,15
Ni,Tl,Hg,0.006625855205814268,0.38937689439078643,1435,15
Tl,Hg,Ni,0.05780193474683193,0.2961373759229228,1435,15
Hg,Ni,Tl,-0.2947019629745853,2.2719534975077043,1436,15
Ni,Tl,Hg,-1.6428122228674606,1.679343178102732,1436,15
Tl,Hg,Ni,1.0156680999401093,2.190894290530717,1436,15
Hg,Ni,Tl,0.6830042561414738,0.6099516079950285,1437,15
Ni,Tl,Hg,0.7123851510782115,0.6214814439056446,1437,15
Tl,Hg,Ni,0.5244373734217769,0.6586456039624733,1437,15
Hg,Ni,Tl,-0.35596701699824385,0.6479947378930072,1438,15
Ni,Tl,Hg,0.2812120576368411,0.47052221015936074,1438,15
Tl,Hg,Ni,-0.5748403068605303,0.5827317029447483,1438,15
Hg,Ni,Tl,0.7792336944095384,0.7062103732001423,1439,15
Ni,Tl,Hg,0.5125151838976363,0.7798009033706729,1439,15
Tl,Hg,Ni,-0.25757834359510845,0.6034747051647976,1439,15
Hg,Ni,Tl,-0.38187193458644586,0.5897945757080647,1440,15
Ni,Tl,Hg,-0.17719377196026187,0.5740012938326446,1440,15
Tl,Hg,Ni,-0.09171640130445358,0.4732644081546602,1440,15
Hg,Ni,Tl,0.32559812238914176,0.5248763706902199,1441,15
Ni,Tl,Hg,0.3205533471921873,0.48804600009605503,1441,15
Tl,Hg,Ni,0.3678801900755264,0.48452989013514053,1441,15
Hg,Ni,Tl,-0.3435055280577384,0.521134403741987,1442,15
Ni,Tl,Hg,-0.2367129091942406,0.5033999353605705,1442,15
Tl,Hg,Ni,-0.08392201476118366,0.35965182841650967,1442,15
Hg,Ni,Tl,-0.34185885181999254,0.8241433198954642,1443,15
Ni,Tl,Hg,-0.2968654124129584,0.8399909250108315,1443,15
Tl,Hg,Ni,0.060744417607828005,0.648606679711135,1443,15
Hg,Ni,Tl,-0.005522665282551742,0.27131742167879525,1444,15
Ni,Tl,Hg,-0.6410838089506008,0.46664506085428015,1444,15
Tl,Hg,Ni,-0.6181319164519365,0.4516820661187089,1444,15
Hg,Ni,Tl,-0.007123753401186761,0.5838234307261093,1445,15
Ni,Tl,Hg,-0.005787040511949559,0.5927649176219955,1445,15
Tl,Hg,Ni,0.0924929136763133,0.39545936261217857,1445,15
Hg,Ni,Tl,-0.06076372854325296,0.8316918753905674,1446,15
Ni,Tl,Hg,-0.6664259157935559,0.842819072831562,1446,15
Tl,Hg,Ni,-0.24543186236037506,0.7349462528287658,1446,15
Hg,Ni,Tl,2.2661357670965807,1.1029061070709525,1447,15
Ni,Tl,Hg,3.0775400281892233,1.238469487742061,1447,15
Tl,Hg,Ni,0.7980727019656397,1.0108679398425633,1447,15
Hg,Ni,Tl,1.0390869774471154,1.053604159373703,1448,15
Ni,Tl,Hg,1.2775309879527503,1.2288646025530463,1448,15
Tl,Hg,Ni,0.29290183015490534,0.8960836115383771,1448,15
Hg,Ni,Tl,0.0646225528951736,0.40350225734540035,1449,15
Ni,Tl,Hg,0.10984085223278095,0.46025648474592606,1449,15
Tl,Hg,Ni,0.1619706871711677,0.4452720163171932,1449,15
Hg,Ni,Tl,-0.07639486549100116,0.4977613443941688,1450,15
Ni,Tl,Hg,0.31761893230673266,0.4572257927642333,1450,15
Tl,Hg,Ni,0.11379934814502146,0.491985025932159,1450,15
Hg,Ni,Tl,-0.4937436417530918,0.6085442812365283,1451,15
Ni,Tl,Hg,0.2054882405800793,0.7105815338333596,1451,15
Tl,Hg,Ni,0.5139724744621219,0.6369507301376137,1451,15
Hg,Ni,Tl,-0.04495798076414825,0.511109415056764,1452,15
Ni,Tl,Hg,-0.07839967195502728,0.4921042166555366,1452,15
Tl,Hg,Ni,-0.08389581138324953,0.39105163059398224,1452,15
Hg,Ni,Tl,0.33180841762516966,0.548876096011473,1453,15
Ni,Tl,Hg,-0.033466298828510155,0.500884160240694,1453,15
Tl,Hg,Ni,0.20994817580833658,0.5901939000530291,1453,15
Hg,Ni,Tl,-0.05502087508731224,0.41806681154847725,1454,15
Ni,Tl,Hg,-0.0905894309334494,0.42280580279452723,1454,15
Tl,Hg,Ni,-0.3559337760958985,0.42475540501335196,1454,15
Hg,Ni,Tl,0.17019483696078108,0.4518232458718472,1455,15
Ni,Tl,Hg,0.20994578038641087,0.504488043905293,1455,15
Tl,Hg,Ni,0.08433097581541649,0.48189015754028464,1455,15
Hg,Ni,Tl,-0.29409389845941014,0.4842072543818922,1456,15
Ni,Tl,Hg,-0.19985754407210354,0.4895460665467657,1456,15
Tl,Hg,Ni,0.06484906567132764,0.4076194841281348,1456,15
Hg,Ni,Tl,-0.20754042247819182,0.6032247234862674,1457,15
Ni,Tl,Hg,-0.45223040496212974,0.6609236448717785,1457,15
Tl,Hg,Ni,-0.14878399670820475,0.5273999419475733,1457,15
Hg,Ni,Tl,0.07812648909903164,0.36572631774676284,1458,15
Ni,Tl,Hg,-0.4087005541921034,0.49734664039031345,1458,15
Tl,Hg,Ni,-0.30400822407116035,0.5026440845100288,1458,15
Hg,Ni,Tl,-0.17753656829336162,0.4726470166574767,1459,15
Ni,Tl,Hg,0.07572835624891283,0.45051247741365114,1459,15
Tl,Hg,Ni,-0.1948908765262578,0.5175117444881184,1459,15
Hg,Ni,Tl,-0.004677922745348617,0.4118398393693382,1460,15
Ni,Tl,Hg,-0.01197725209435152,0.4508587454311176,1460,15
Tl,Hg,Ni,-0.07401869758754653,0.39277651017232634,1460,15
Hg,Ni,Tl,-0.12865016739976864,0.45476735981140526,1461,15
Ni,Tl,Hg,0.05079050770911531,0.4756394654593593,1461,15
Tl,Hg,Ni,0.130335224199861,0.40977541182175936,1461,15
Hg,Ni,Tl,0.2842049019053565,0.6895193320865675,1462,15
Ni,Tl,Hg,-0.021644031171504707,0.5954660311805843,1462,15
Tl,Hg,Ni,0.09659471573526801,0.6592767191371208,1462,15
Hg,Ni,Tl,0.4107379704853553,0.5504789548865479,1463,15
Ni,Tl,Hg,0.6036122187560107,0.5417427119115439,1463,15
Tl,Hg,Ni,0.12290410129758023,0.5121865240475926,1463,15
Hg,Ni,Tl,0.1767048043348911,0.6127566957495789,1464,15
Ni,Tl,Hg,0.059574637487537885,0.6215102981396362,1464,15
Tl,Hg,Ni,-0.02874416540084468,0.5226012648067112,1464,15
Hg,Ni,Tl,0.1760549582551354,0.5408354727359421,1465,15
Ni,Tl,Hg,0.2968379044026088,0.49483009795519856,1465,15
Tl,Hg,Ni,0.056922999541129116,0.4386890026402501,1465,15
Hg,Ni,Tl,0.13225759609206,0.7375128438481674,1466,15
Ni,Tl,Hg,0.29135244865175847,0.9166516886264389,1466,15
Tl,Hg,Ni,0.8909655665372447,0.9127818131065675,1466,15
Hg,Ni,Tl,-0.28588364061409344,0.47351054092869266,1467,15
Ni,Tl,Hg,-0.3882112912101734,0.44152241835190303,1467,15
Tl,Hg,Ni,-0.03257612180289815,0.37627100972247246,1467,15
Hg,Ni,Tl,-0.8305563455897484,0.6167804680170437,1468,15
Ni,Tl,Hg,-0.5674509268694035,0.6214514134485258,1468,15
Tl,Hg,Ni,0.016688639465142652,0.5000987143785379,1468,15
Hg,Ni,Tl,-0.10613924798995633,0.6229621667055428,1469,15
Ni,Tl,Hg,-0.038518455519072514,0.5590104379893375,1469,15
Tl,Hg,Ni,-0.017171100025055175,0.5431909094866331,1469,15
Hg,Ni,Tl,0.48531480479724465,0.7077127508536012,1470,15
Ni,Tl,Hg,0.3924892328637064,0.7674361955458647,1470,15
Tl,Hg,Ni,0.0485213583130788,0.5277453158377887,1470,15
Hg,Ni,Tl,-0.06103596212066975,0.6565713170460928,1471,15
Ni,Tl,Hg,0.9520305162218632,0.889243234274578,1471,15
Tl,Hg,Ni,0.9514913879444173,0.7919863696926384,1471,15
Hg,Ni,Tl,-0.3942594028699311,0.5756898658167983,1472,15
Ni,Tl,Hg,-0.3266117956545571,0.5299838418959676,1472,15
Tl,Hg,Ni,-0.23250846313651774,0.5454994352605144,1472,15
Hg,Ni,Tl,0.009798580430957493,0.5381814363242234,1473,15
Ni,Tl,Hg,0.04863238875498954,0.5278454660719757,1473,15
Tl,Hg,Ni,-0.00106758922944028,0.44657484823894084,1473,15
Hg,Ni,Tl,-0.8128225275856922,0.8387907324569428,1474,15
Ni,Tl,Hg,-0.7513228242580876,0.9380558413768361,1474,15
Tl,Hg,Ni,-0.23993749662207442,0.6568015837917938,1474,15
Hg,Ni,Tl,-0.07045055439941628,0.5376941685310737,1475,15
Ni,Tl,Hg,0.11304587028412705,0.4915370033257913,1475,15
Tl,Hg,Ni,0.08737943247576574,0.5362216235830826,1475,15
Hg,Ni,Tl,-0.1597756630184901,0.29560353182942906,1476,15
Ni,Tl,Hg,-0.13457158164443284,0.3517506701295682,1476,15
Tl,Hg,Ni,4.8624969513033633e-4,0.27867753324011757,1476,15
Hg,Ni,Tl,-0.008383090562290807,0.3466112482273893,1477,15
Ni,Tl,Hg,-0.12309605598131901,0.43454560468640835,1477,15
Tl,Hg,Ni,-0.1289227978228764,0.42130296549157314,1477,15
Hg,Ni,Tl,0.21989991487387783,0.44124767384298313,1478,15
Ni,Tl,Hg,0.09543476463898948,0.4990902452896664,1478,15
Tl,Hg,Ni,0.2384259728834257,0.4973227944946358,1478,15
Hg,Ni,Tl,-0.152472259021998,0.4805546535047072,1479,15
Ni,Tl,Hg,0.0237855504702571,0.485667143212864,1479,15
Tl,Hg,Ni,-0.20847902081499825,0.4986964295027195,1479,15
Hg,Ni,Tl,0.007222786363794587,0.6238761943217509,1480,15
Ni,Tl,Hg,-0.11205073708165703,0.5382825810816259,1480,15
Tl,Hg,Ni,0.06760034481967603,0.43587930226254495,1480,15
Hg,Ni,Tl,0.09833736585687314,0.5436230585471798,1481,15
Ni,Tl,Hg,0.30939120269801634,0.5824775573613982,1481,15
Tl,Hg,Ni,0.2986677361163266,0.504490209818316,1481,15
Hg,Ni,Tl,0.0972338373012791,0.36527212994749864,1482,15
Ni,Tl,Hg,0.06799778730954475,0.4324145433225218,1482,15
Tl,Hg,Ni,0.021378777739015753,0.2983807406951854,1482,15
Hg,Ni,Tl,-0.17466668591388146,0.5916094471722031,1483,15
Ni,Tl,Hg,-0.11075541009122603,0.580969332518934,1483,15
Tl,Hg,Ni,-0.24049523279295748,0.6145516972455254,1483,15
Hg,Ni,Tl,-0.039835641347315764,0.24499660689752073,1484,15
Ni,Tl,Hg,0.03748473101810923,0.3572269278641911,1484,15
Tl,Hg,Ni,0.046197229245309224,0.3027593995924634,1484,15
Hg,Ni,Tl,0.10338607859332205,0.6145394568013158,1485,15
Ni,Tl,Hg,-0.07602873794039011,0.5347425246620634,1485,15
Tl,Hg,Ni,0.09488612183432199,0.6384992966114393,1485,15
Hg,Ni,Tl,0.05741508770968373,0.267402644839332,1486,15
Ni,Tl,Hg,-0.06339294744884949,0.36652341298239705,1486,15
Tl,Hg,Ni,-0.06390766400377546,0.295797867069245,1486,15
Hg,Ni,Tl,-0.4854952090222904,0.5472229873671521,1487,15
Ni,Tl,Hg,-0.4095023298065241,0.5572920332390787,1487,15
Tl,Hg,Ni,-0.04614132974503882,0.4565715735972756,1487,15
Hg,Ni,Tl,0.41414398901158833,0.8239186386263265,1488,15
Ni,Tl,Hg,0.27060341138608734,0.9190661683413981,1488,15
Tl,Hg,Ni,-0.09108004812132009,0.65378672113409,1488,15
Hg,Ni,Tl,0.6228805736137155,0.9057476000616324,1489,15
Ni,Tl,Hg,0.40327578789996466,0.8325771181863612,1489,15
Tl,Hg,Ni,0.1705022145101327,1.0668360439168765,1489,15
Hg,Ni,Tl,0.2480037714854353,0.6364946071120017,1490,15
Ni,Tl,Hg,0.4504180783821399,0.5503296946142159,1490,15
Tl,Hg,Ni,0.37664408215172696,0.632387851378387,1490,15
Hg,Ni,Tl,0.19779075576994942,0.7516701444684019,1491,15
Ni,Tl,Hg,-0.04853352275709555,0.8091168449703083,1491,15
Tl,Hg,Ni,-0.1816176332858681,0.5980406848924631,1491,15
Hg,Ni,Tl,0.6160628736980351,0.7938652457519046,1492,15
Ni,Tl,Hg,0.5604290208690741,0.7361536344687989,1492,15
Tl,Hg,Ni,0.02196720080155279,0.6340018080952907,1492,15
Hg,Ni,Tl,0.05811649813001463,0.43951546799887986,1493,15
Ni,Tl,Hg,-0.041777694273455346,0.49959079944971396,1493,15
Tl,Hg,Ni,-0.08904218534823016,0.38599713008009034,1493,15
Hg,Ni,Tl,0.08807864491702644,0.24406532227952601,1494,15
Ni,Tl,Hg,0.15247822798200006,0.30038608696643954,1494,15
Tl,Hg,Ni,0.009137271140135517,0.2710428856096996,1494,15
Hg,Ni,Tl,-0.42773410980080584,0.7150336806222232,1495,15
Ni,Tl,Hg,-0.5293485006507819,0.7442512949458704,1495,15
Tl,Hg,Ni,-0.06998773975552375,0.5866638945443878,1495,15
Hg,Ni,Tl,-2.408381121068902,1.1466643500620455,1496,15
Ni,Tl,Hg,-1.6220772908844703,1.4955558477536293,1496,15
Tl,Hg,Ni,0.8432952107266924,1.3385063343238552,1496,15
Hg,Ni,Tl,2.030982219684118,1.430476205095222,1497,15
Ni,Tl,Hg,1.556109142610823,1.4237540020512374,1497,15
Tl,Hg,Ni,-0.2526551655213263,0.8953742161712983,1497,15
Hg,Ni,Tl,0.16021726857588803,0.3663111283725311,1498,15
Ni,Tl,Hg,0.18000216354777132,0.3709324119238775,1498,15
Tl,Hg,Ni,0.04803677644689408,0.36548503879132116,1498,15
Hg,Ni,Tl,-8.126417852212242e-4,0.4405211353681956,1499,15
Ni,Tl,Hg,-0.20040005454837928,0.5297763882774829,1499,15
Tl,Hg,Ni,-0.1720601912019406,0.40785911480341736,1499,15
Hg,Ni,Tl,0.7748705031977914,0.7434960291343364,1500,15
Ni,Tl,Hg,0.7438769107892278,0.7066328564341813,1500,15
Tl,Hg,Ni,0.3432532343827548,0.6353411396111088,1500,15
Hg,Ni,Tl,0.04785613246592746,0.3569591885833368,1501,16
Ni,Tl,Hg,-0.3347767532993853,0.3621575482946722,1501,16
Tl,Hg,Ni,-0.06053817931155514,0.4136035833840673,1501,16
Hg,Ni,Tl,0.16606518366282597,0.49046645739685235,1502,16
Ni,Tl,Hg,-0.06955104225819664,0.4733751173512684,1502,16
Tl,Hg,Ni,-0.14899248276393262,0.530199115254845,1502,16
Hg,Ni,Tl,-0.05243899347053027,0.5807766331334814,1503,16
Ni,Tl,Hg,-0.2216610399329344,0.6528457655306439,1503,16
Tl,Hg,Ni,-0.07545854205678015,0.6314386908954267,1503,16
Hg,Ni,Tl,-0.1901464257729808,0.7380310615045431,1504,16
Ni,Tl,Hg,-0.7869349499679936,1.0026762525603337,1504,16
Tl,Hg,Ni,-0.6439875050935644,0.796909142704464,1504,16
Hg,Ni,Tl,-0.1696760153967518,0.48426628116506887,1505,16
Ni,Tl,Hg,-0.23940844939607597,0.4254804191717522,1505,16
Tl,Hg,Ni,0.051956372842938414,0.3683119502533597,1505,16
Hg,Ni,Tl,-0.020559368555608692,0.4260756140081141,1506,16
Ni,Tl,Hg,-0.016330504607614316,0.2991916948772491,1506,16
Tl,Hg,Ni,0.0998399141731392,0.3619806878423329,1506,16
Hg,Ni,Tl,-0.21828669669875822,0.6133858269791147,1507,16
Ni,Tl,Hg,0.003433744899888236,0.4261746247289015,1507,16
Tl,Hg,Ni,-0.2014468759985899,0.5212099722761235,1507,16
Hg,Ni,Tl,-0.15581669475543247,0.8008623072161709,1508,16
Ni,Tl,Hg,-0.003823920617530341,0.822168894988259,1508,16
Tl,Hg,Ni,-0.015113046606700209,0.5458500267605129,1508,16
Hg,Ni,Tl,-0.3083408082620789,0.4869836701641096,1509,16
Ni,Tl,Hg,-0.29202132683043214,0.5277265358485667,1509,16
Tl,Hg,Ni,-0.03310932630376051,0.42131270906860707,1509,16
Hg,Ni,Tl,0.7367443897975252,0.7965824546572136,1510,16
Ni,Tl,Hg,0.8368965182902968,0.7129353850205608,1510,16
Tl,Hg,Ni,-0.03887219643734641,0.6934833953067571,1510,16
Hg,Ni,Tl,-0.350515246417483,0.5465588106426239,1511,16
Ni,Tl,Hg,-0.29738675790480373,0.5257022288570256,1511,16
Tl,Hg,Ni,0.15544707921299317,0.473991333077312,1511,16
Hg,Ni,Tl,0.06423808016062615,0.351633883297721,1512,16
Ni,Tl,Hg,0.131930358419039,0.3939235290298399,1512,16
Tl,Hg,Ni,0.19802205247532,0.35847815583851905,1512,16
Hg,Ni,Tl,0.11480033435113146,0.48758191471932805,1513,16
Ni,Tl,Hg,0.13014922319981714,0.4735938324939422,1513,16
Tl,Hg,Ni,0.25376305756116757,0.5162692698040214,1513,16
Hg,Ni,Tl,-0.15166278417339196,0.88465662659794575,1514,16
Ni,Tl,Hg,-0.09444179904350891,0.8790928548280624,1514,16
Tl,Hg,Ni,0.049458493792485125,0.671862979193814,1514,16
Hg,Ni,Tl,-0.18159659328019373,0.3558767676930005,1515,16
Ni,Tl,Hg,-0.09069434421517819,0.3231469354793346,1515,16
Tl,Hg,Ni,-0.0016115940506225002,0.3572083224274053,1515,16
Hg,Ni,Tl,-0.021616477312843996,0.2834259484199113,1516,16
Ni,Tl,Hg,0.07057833799798274,0.3855676227661495,1516,16
Tl,Hg,Ni,0.024259956076910116,0.40696379160870794,1516,16
Hg,Ni,Tl,0.16394226923544153,0.53836918498983,1517,16
Ni,Tl,Hg,0.3258405532820827,0.5088816066596794,1517,16
Tl,Hg,Ni,0.5532406976734734,0.47480392369589464,1517,16
Hg,Ni,Tl,0.7653840542234258,0.6066344597672536,1518,16
Ni,Tl,Hg,0.2806370754200609,0.48000034130253527,1518,16
Tl,Hg,Ni,0.2188425793207811,0.4988445145134015,1518,16
Hg,Ni,Tl,0.21210270926000252,0.4129569332116776,1519,16
Ni,Tl,Hg,0.1908826149570375,0.4233873521198385,1519,16
Tl,Hg,Ni,0.004720730717663102,0.2759489007900866,1519,16
Hg,Ni,Tl,-0.09970412419426289,0.5294745663107017,1520,16
Ni,Tl,Hg,-0.0814412936279254,0.4616129523325366,1520,16
Tl,Hg,Ni,0.09289559358507748,0.5304341289624536,1520,16
Hg,Ni,Tl,0.28060963177501286,0.5036469475828773,1521,16
Ni,Tl,Hg,0.4369312711165385,0.5909327372691291,1521,16
Tl,Hg,Ni,0.16136063668996403,0.4853952285810467,1521,16
Hg,Ni,Tl,-0.1676815617555949,0.6020341751579754,1522,16
Ni,Tl,Hg,-0.4996902474794078,0.5411388641099574,1522,16
Tl,Hg,Ni,0.15550129953320369,0.54512141838674,1522,16
Hg,Ni,Tl,0.06629393750567125,0.3306000376580834,1523,16
Ni,Tl,Hg,0.11144640492517421,0.3768233097916101,1523,16
Tl,Hg,Ni,0.012348424369549527,0.3023339365045995,1523,16
Hg,Ni,Tl,0.21926340430698366,0.4353871364586787,1524,16
Ni,Tl,Hg,0.03979316981767722,0.3067787176899528,1524,16
Tl,Hg,Ni,0.259770962014755,0.415830131266623,1524,16
Hg,Ni,Tl,0.7375464662571565,1.2407578222174904,1525,16
Ni,Tl,Hg,0.010425550831287378,0.7474449589580829,1525,16
Tl,Hg,Ni,0.6085300649201182,1.0563109671208553,1525,16
Hg,Ni,Tl,-0.31426298017490895,0.4213083922685416,1526,16
Ni,Tl,Hg,-0.3440096187927266,0.425937786743559,1526,16
Tl,Hg,Ni,0.007821557658230338,0.41334439435321646,1526,16
Hg,Ni,Tl,-0.5354265803181715,0.6481285882763561,1527,16
Ni,Tl,Hg,-0.5732250918860151,0.6896308641973296,1527,16
Tl,Hg,Ni,0.04404219410446242,0.46535155120024435,1527,16
Hg,Ni,Tl,-1.0844956080754136,0.9927686494352492,1528,16
Ni,Tl,Hg,-0.5600293754070593,1.1119382556165696,1528,16
Tl,Hg,Ni,0.25730691415304996,0.9555146875672474,1528,16
Hg,Ni,Tl,0.15490755977767545,0.3877373902735028,1529,16
Ni,Tl,Hg,-0.01992383016771715,0.3881634458478139,1529,16
Tl,Hg,Ni,-0.036761639120249434,0.36667075202544686,1529,16
Hg,Ni,Tl,0.07186067611170976,0.44273225670681576,1530,16
Ni,Tl,Hg,0.040824074849707515,0.38221157409501055,1530,16
Tl,Hg,Ni,0.0903260394239247,0.3987239971225178,1530,16
Hg,Ni,Tl,-0.30735576001823084,0.7218040541351907,1531,16
Ni,Tl,Hg,-0.9489544338868976,0.7559628162227119,1531,16
Tl,Hg,Ni,-0.21604335297138988,0.7012088010694241,1531,16
Hg,Ni,Tl,4.247495288308736,2.051564104326437,1532,16
Ni,Tl,Hg,4.565475156643493,2.1261904936228144,1532,16
Tl,Hg,Ni,-1.1895443921993492,1.3704178031256076,1532,16
Hg,Ni,Tl,0.2131407012599742,0.5616881585302916,1533,16
Ni,Tl,Hg,-0.12649382049544666,0.5670677096248777,1533,16
Tl,Hg,Ni,0.20108901041020255,0.4841558330399451,1533,16
Hg,Ni,Tl,0.33252913868548895,0.4897165791238907,1534,16
Ni,Tl,Hg,-0.011856797870375857,0.35074273841998993,1534,16
Tl,Hg,Ni,0.41322704221197437,0.389544650255766,1534,16
Hg,Ni,Tl,0.14898262398760487,0.5765867230397053,1535,16
Ni,Tl,Hg,-0.12962145075129605,0.42321304642845864,1535,16
Tl,Hg,Ni,0.26624241135582327,0.4784939629244168,1535,16
Hg,Ni,Tl,-0.11454525787133729,0.41096641850623994,1536,16
Ni,Tl,Hg,0.03815710224058577,0.39621523088853655,1536,16
Tl,Hg,Ni,0.04135514701320897,0.3794586115664787,1536,16
Hg,Ni,Tl,0.4451850965120272,0.47774768874859547,1537,16
Ni,Tl,Hg,0.4706989762066014,0.45192523850595634,1537,16
Tl,Hg,Ni,0.10159815229569791,0.36641139564883374,1537,16
Hg,Ni,Tl,-0.06456638709750528,0.5281262451399346,1538,16
Ni,Tl,Hg,0.20231944581313144,0.501989308405313,1538,16
Tl,Hg,Ni,0.08335974172750937,0.5048711609259454,1538,16
Hg,Ni,Tl,-0.2274936058980348,0.6599857252000638,1539,16
Ni,Tl,Hg,-0.3681518510114614,0.6265590451467694,1539,16
Tl,Hg,Ni,-0.024837579804733778,0.47570153488885336,1539,16
Hg,Ni,Tl,-0.17495796280622056,0.621570015758354,1540,16
Ni,Tl,Hg,-0.03452762111425667,0.7729390949564616,1540,16
Tl,Hg,Ni,0.28433579368673234,0.611653752895536,1540,16
Hg,Ni,Tl,0.08008598330662675,0.42803709409942076,1541,16
Ni,Tl,Hg,0.14686137049543868,0.44808611919702546,1541,16
Tl,Hg,Ni,0.06119494134914083,0.3889457279571393,1541,16
Hg,Ni,Tl,-0.12984767653043505,0.7452312416327219,1542,16
Ni,Tl,Hg,-0.222434432215195,0.66069972907054,1542,16
Tl,Hg,Ni,-0.21709049093674526,0.5629450060098371,1542,16
Hg,Ni,Tl,0.13905273273176455,0.47247845225862833,1543,16
Ni,Tl,Hg,-0.11514209976106571,0.554763741081274,1543,16
Tl,Hg,Ni,-0.14426105003844114,0.5450481597092541,1543,16
Hg,Ni,Tl,0.20001922250617898,0.4939290357935457,1544,16
Ni,Tl,Hg,-0.13390173588502208,0.47632602063353857,1544,16
Tl,Hg,Ni,0.05623640999179802,0.4781623772353066,1544,16
Hg,Ni,Tl,-0.0780466527188024,0.57677133503276,1545,16
Ni,Tl,Hg,-0.0034104269492567507,0.5353939416872481,1545,16
Tl,Hg,Ni,-0.034938901808879486,0.5008276978225356,1545,16
Hg,Ni,Tl,-0.11706155758497871,0.3715364763357861,1546,16
Ni,Tl,Hg,-0.11786573452100324,0.3690112342711611,1546,16
Tl,Hg,Ni,-0.10869233971558945,0.2753953839333198,1546,16
Hg,Ni,Tl,0.047319653923785676,0.5259784195695618,1547,16
Ni,Tl,Hg,-0.1261799224931366,0.482416490341376,1547,16
Tl,Hg,Ni,0.02189317756902298,0.4566351438296208,1547,16
Hg,Ni,Tl,0.32113345934025483,0.6393374709582328,1548,16
Ni,Tl,Hg,-0.43667615399755455,0.6088030601039892,1548,16
Tl,Hg,Ni,0.37565817484516506,0.760631587667201,1548,16
Hg,Ni,Tl,0.48964357545912307,0.5801592687005778,1549,16
Ni,Tl,Hg,0.29373976427556947,0.6017537585543264,1549,16
Tl,Hg,Ni,-0.041804350256097855,0.5252910454850043,1549,16
Hg,Ni,Tl,0.10293683657362251,0.32583222115159044,1550,16
Ni,Tl,Hg,-0.06044303508622839,0.28185038802197415,1550,16
Tl,Hg,Ni,0.0487542582471594,0.32993882551395814,1550,16
Hg,Ni,Tl,-0.21942148988569432,0.5626170048392006,1551,16
Ni,Tl,Hg,-0.07030484422698535,0.47903317301839804,1551,16
Tl,Hg,Ni,-0.14178879688619261,0.4989131209538726,1551,16
Hg,Ni,Tl,0.0993133363912202,0.4818824539956336,1552,16
Ni,Tl,Hg,0.32115958107515397,0.42739137972371455,1552,16
Tl,Hg,Ni,0.04772009808833033,0.4423501156695942,1552,16
Hg,Ni,Tl,0.16969454806740192,0.48052320788584785,1553,16
Ni,Tl,Hg,0.013086244838718564,0.49212572381682956,1553,16
Tl,Hg,Ni,0.011197967039404233,0.4614436271902394,1553,16
Hg,Ni,Tl,0.23753494286976284,0.5099729815582633,1554,16
Ni,Tl,Hg,0.44085954832234897,0.5419637724475892,1554,16
Tl,Hg,Ni,0.1907399327248971,0.4603994057883574,1554,16
Hg,Ni,Tl,-0.076382882736441,0.4671039257897982,1555,16
Ni,Tl,Hg,-0.023048181139023516,0.3687002274708286,1555,16
Tl,Hg,Ni,-0.06716285729723648,0.3510005132138529,1555,16
Hg,Ni,Tl,0.13241442239214596,0.6305033512503262,1556,16
Ni,Tl,Hg,-0.2041915672766752,0.6734610309646294,1556,16
Tl,Hg,Ni,-0.12126991383498176,0.5523226486430819,1556,16
Hg,Ni,Tl,0.42522661528276195,0.6826759545709827,1557,16
Ni,Tl,Hg,-0.31420839825016644,0.7323418688723453,1557,16
Tl,Hg,Ni,-0.3772126361177688,0.6964611205116387,1557,16
Hg,Ni,Tl,0.16955097826879317,0.5333119155950523,1558,16
Ni,Tl,Hg,0.3705218682173559,0.5570527907666729,1558,16
Tl,Hg,Ni,0.07335610492125344,0.4499226730588729,1558,16
Hg,Ni,Tl,-0.4216445024786566,0.8812984164233149,1559,16
Ni,Tl,Hg,-0.7108658903927942,0.7552317942844441,1559,16
Tl,Hg,Ni,-0.1386930718008621,0.7261734093568099,1559,16
Hg,Ni,Tl,0.8677241079163189,0.7149065930560228,1560,16
Ni,Tl,Hg,0.1182265127358253,0.6366464241140666,1560,16
Tl,Hg,Ni,0.6017617443354784,0.7663299699899406,1560,16
Hg,Ni,Tl,-0.07656104610514092,0.4142198278886319,1561,16
Ni,Tl,Hg,-0.139671741989007,0.4124874306022825,1561,16
Tl,Hg,Ni,0.1384872937468149,0.3509565673399266,1561,16
Hg,Ni,Tl,0.5980437279978457,0.7524123724972133,1562,16
Ni,Tl,Hg,-0.6264284042037014,0.7370389816098138,1562,16
Tl,Hg,Ni,0.17406576076136027,1.0428839981737354,1562,16
Hg,Ni,Tl,-0.7629897077034791,0.739767858194402,1563,16
Ni,Tl,Hg,-0.9712868456783235,0.7172948736655267,1563,16
Tl,Hg,Ni,0.12505941625147843,0.6293560992900774,1563,16
Hg,Ni,Tl,0.23636335629663963,0.39744655840948695,1564,16
Ni,Tl,Hg,0.10199849563230323,0.3308717577371043,1564,16
Tl,Hg,Ni,0.19326613835869466,0.3375173761439557,1564,16
Hg,Ni,Tl,-0.05239696758054091,0.4708229733579086,1565,16
Ni,Tl,Hg,-0.09858225705526014,0.4472942922344653,1565,16
Tl,Hg,Ni,-0.07720446985082052,0.4746569252954453,1565,16
Hg,Ni,Tl,-0.9098225314536155,0.7493812961835735,1566,16
Ni,Tl,Hg,-1.086485176775465,0.7117549079356704,1566,16
Tl,Hg,Ni,0.1724706015433246,0.5527751633830998,1566,16
Hg,Ni,Tl,0.26959454788288273,0.4686247570715693,1567,16
Ni,Tl,Hg,-0.013174336122703245,0.42850382705175494,1567,16
Tl,Hg,Ni,0.2752630695347422,0.4542290369695455,1567,16
Hg,Ni,Tl,-0.023059832372457123,0.40873167202767435,1568,16
Ni,Tl,Hg,0.059361740799854346,0.3833485638025537,1568,16
Tl,Hg,Ni,0.0037659822427560385,0.37290424238077485,1568,16
Hg,Ni,Tl,-0.23258502312998175,0.655770318602886,1569,16
Ni,Tl,Hg,-0.30801901899963546,0.471201084379746,1569,16
Tl,Hg,Ni,0.19066623976220498,0.5841827657107025,1569,16
Hg,Ni,Tl,0.16637166058187702,0.4883904738757784,1570,16
Ni,Tl,Hg,0.05411611590850418,0.3537038076483346,1570,16
Tl,Hg,Ni,0.16558244831023972,0.380791149293699,1570,16
Hg,Ni,Tl,0.23559602835909788,0.6011537106809283,1571,16
Ni,Tl,Hg,0.3893000378249125,0.5676741032128885,1571,16
Tl,Hg,Ni,-0.17714668434768432,0.5242515918074747,1571,16
Hg,Ni,Tl,-0.02617795438547299,0.33130479129019025,1572,16
Ni,Tl,Hg,0.003151557943247729,0.358192781900657,1572,16
Tl,Hg,Ni,0.03501628113764288,0.35818203344495014,1572,16
Hg,Ni,Tl,0.06357291100259577,0.6233843969019056,1573,16
Ni,Tl,Hg,0.4591647887132453,0.6954905369810844,1573,16
Tl,Hg,Ni,1.138589380853435,0.8109492869611038,1573,16
Hg,Ni,Tl,0.27402884098997404,0.7213928668813435,1574,16
Ni,Tl,Hg,-0.07931707612187289,0.6427218145064227,1574,16
Tl,Hg,Ni,0.33537242199022765,0.5665903051682408,1574,16
Hg,Ni,Tl,0.035827551297990645,0.44858374530553496,1575,16
Ni,Tl,Hg,0.35791877461438393,0.4783381976124505,1575,16
Tl,Hg,Ni,0.22092701965912198,0.5832002619463976,1575,16
Hg,Ni,Tl,0.15747851707035654,0.49250878106093426,1576,16
Ni,Tl,Hg,0.6108552821202782,0.6280367581412907,1576,16
Tl,Hg,Ni,0.6540234436204937,0.583969483153195,1576,16
Hg,Ni,Tl,0.13553077149584247,0.5450823696955011,1577,16
Ni,Tl,Hg,-0.32303886258997583,0.6085178201084344,1577,16
Tl,Hg,Ni,-0.1481251253022391,0.5201193186233374,1577,16
Hg,Ni,Tl,-0.052735786116158145,0.454420773360386,1578,16
Ni,Tl,Hg,-0.5433851832357268,0.4432247055863821,1578,16
Tl,Hg,Ni,-0.17083570649021151,0.44429875758629944,1578,16
Hg,Ni,Tl,-0.7798284195339846,0.7251393622288514,1579,16
Ni,Tl,Hg,-0.213473220896522,0.8201487109626693,1579,16
Tl,Hg,Ni,0.8999883943836577,0.7127723878450933,1579,16
Hg,Ni,Tl,0.728180406438494,1.1369668465313474,1580,16
Ni,Tl,Hg,1.1009276438310849,0.8958346110182505,1580,16
Tl,Hg,Ni,-0.2688635696097368,0.838960278128588,1580,16
Hg,Ni,Tl,0.0654434420280472,0.5914794470236333,1581,16
Ni,Tl,Hg,0.1302407684257858,0.5871250919243408,1581,16
Tl,Hg,Ni,0.10173613615807664,0.4543367796151474,1581,16
Hg,Ni,Tl,-0.055359702108567,0.46118301936008976,1582,16
Ni,Tl,Hg,-0.0585867615699156,0.4713130991917993,1582,16
Tl,Hg,Ni,0.021265697555310936,0.5364941910961365,1582,16
Hg,Ni,Tl,0.10270702605900262,0.5947428176114921,1583,16
Ni,Tl,Hg,0.29231513363754935,0.614451524955541,1583,16
Tl,Hg,Ni,0.08352527068989346,0.5472700698483924,1583,16
Hg,Ni,Tl,0.47981654010945407,0.6048515616819248,1584,16
Ni,Tl,Hg,0.3725559991687504,0.6987837690887596,1584,16
Tl,Hg,Ni,-0.12254355130928807,0.6375263416130471,1584,16
Hg,Ni,Tl,-0.17170395161291463,0.4771955916763908,1585,16
Ni,Tl,Hg,-0.900600695419647,0.61461426594983,1585,16
Tl,Hg,Ni,-0.34487293370330274,0.6152444479888695,1585,16
Hg,Ni,Tl,0.5328346142075091,0.5979818783323374,1586,16
Ni,Tl,Hg,0.19800978792299961,0.459733865408289,1586,16
Tl,Hg,Ni,0.1761221717347956,0.4929810677276741,1586,16
Hg,Ni,Tl,-0.15096285413249078,0.5218544777344883,1587,16
Ni,Tl,Hg,-0.1126302163760231,0.5419490236752332,1587,16
Tl,Hg,Ni,0.0688093129785754,0.5198251218447608,1587,16
Hg,Ni,Tl,0.25411256627488665,0.49780604762065417,1588,16
Ni,Tl,Hg,0.3863569220470122,0.5038425877510827,1588,16
Tl,Hg,Ni,0.43076180671008757,0.6102200954486533,1588,16
Hg,Ni,Tl,0.6145478935849917,0.5272905784098584,1589,16
Ni,Tl,Hg,0.2906809596109934,0.5717044032491676,1589,16
Tl,Hg,Ni,0.1055523335928914,0.4636036191042389,1589,16
Hg,Ni,Tl,-0.2600354779504652,0.38176022527511894,1590,16
Ni,Tl,Hg,-0.35026230538207415,0.4007438540734201,1590,16
Tl,Hg,Ni,-0.070076030228158,0.3024925580479946,1590,16
Hg,Ni,Tl,0.12300661814047187,0.4850844004819819,1591,16
Ni,Tl,Hg,-0.015148713641116363,0.5287847368462059,1591,16
Tl,Hg,Ni,-0.020410816002186305,0.4673570588296836,1591,16
Hg,Ni,Tl,-0.19971671585195994,0.3580169007012608,1592,16
Ni,Tl,Hg,-0.12415039191548383,0.2962611639548541,1592,16
Tl,Hg,Ni,-0.03206701917471966,0.29986662064020975,1592,16
Hg,Ni,Tl,-0.0022900812011616978,0.5316382797289273,1593,16
Ni,Tl,Hg,0.2345599095732429,0.4732870540160288,1593,16
Tl,Hg,Ni,0.21314573893914535,0.4918554375864328,1593,16
Hg,Ni,Tl,1.0667212280789449,0.718807390242891,1594,16
Ni,Tl,Hg,0.44789391415031066,0.5938212012182509,1594,16
Tl,Hg,Ni,0.6473617207556814,0.6576674363283068,1594,16
Hg,Ni,Tl,-0.24845768718917305,0.6077343555291552,1595,16
Ni,Tl,Hg,-0.34155367704821926,0.8313214132620189,1595,16
Tl,Hg,Ni,-0.5190767917544712,0.9650507141915158,1595,16
Hg,Ni,Tl,0.28689042438699097,0.6096306183747434,1596,16
Ni,Tl,Hg,0.08404102534242552,0.5665762225799944,1596,16
Tl,Hg,Ni,0.1215231580620495,0.5472940890128644,1596,16
Hg,Ni,Tl,-0.34048981438675696,0.5924191925143358,1597,16
Ni,Tl,Hg,-0.3383291123876324,0.6301354641094759,1597,16
Tl,Hg,Ni,0.0027309445526810805,0.5105107029997027,1597,16
Hg,Ni,Tl,-0.04839892180719385,0.5721483895068041,1598,16
Ni,Tl,Hg,-0.540161887537641,0.6888084395583387,1598,16
Tl,Hg,Ni,-0.4533179341817011,0.5589086689082764,1598,16
Hg,Ni,Tl,0.1476997655806791,0.5965113413250294,1599,16
Ni,Tl,Hg,0.015489887399742663,0.5881384436187305,1599,16
Tl,Hg,Ni,-0.11922021985760889,0.5502500187372836,1599,16
Hg,Ni,Tl,0.048314010281389486,0.5041364918030261,1600,16
Ni,Tl,Hg,-0.1148842584384866,0.47561752394557527,1600,16
Tl,Hg,Ni,0.4424032588212352,0.5052392584978019,1600,16
Hg,Ni,Tl,0.4374279761047237,0.5011529983604128,1601,17
Ni,Tl,Hg,0.32610536943274804,0.47374723992910234,1601,17
Tl,Hg,Ni,0.4409544924553708,0.5241804637472933,1601,17
Hg,Ni,Tl,0.2916157505926167,0.422906306393514,1602,17
Ni,Tl,Hg,0.04634689592258656,0.4555065816977199,1602,17
Tl,Hg,Ni,0.31754998273588786,0.4776983655765583,1602,17
Hg,Ni,Tl,-0.025302499118709854,0.46139377784880703,1603,17
Ni,Tl,Hg,-0.3490400465968122,0.44171686112169717,1603,17
Tl,Hg,Ni,-0.17722246135161868,0.43706681857652263,1603,17
Hg,Ni,Tl,0.4174516583387724,0.6733971597229158,1604,17
Ni,Tl,Hg,-0.047456270855144034,0.40821755981008434,1604,17
Tl,Hg,Ni,0.3631746260978672,0.6914806518152896,1604,17
Hg,Ni,Tl,1.4068459017307426,0.8602136923284257,1605,17
Ni,Tl,Hg,0.39682548605773693,0.714678590288236,1605,17
Tl,Hg,Ni,1.0696842818800212,0.7125332395252079,1605,17
Hg,Ni,Tl,0.27285785339880286,0.40704642844014066,1606,17
Ni,Tl,Hg,0.13195534678744236,0.3252796048810188,1606,17
Tl,Hg,Ni,0.11316864101574042,0.3815678878741319,1606,17
Hg,Ni,Tl,0.156039882387498,0.44222208354206427,1607,17
Ni,Tl,Hg,0.32220360812719884,0.5055001010450402,1607,17
Tl,Hg,Ni,0.09283084828965471,0.41891892970137506,1607,17
Hg,Ni,Tl,0.24492147860386204,0.39890311053551586,1608,17
Ni,Tl,Hg,0.2745160108843021,0.5225937822083451,1608,17
Tl,Hg,Ni,0.30304870065664335,0.5159488971683156,1608,17
Hg,Ni,Tl,0.7704465862479539,0.8051391222806723,1609,17
Ni,Tl,Hg,-0.3043974156017235,0.7171630711343543,1609,17
Tl,Hg,Ni,0.3159379083798024,1.008755039233901,1609,17
Hg,Ni,Tl,0.0751820103899643,0.38712429219903444,1610,17
Ni,Tl,Hg,0.07076240112405419,0.3353880346690391,1610,17
Tl,Hg,Ni,0.030948109911449695,0.3614231274113191,1610,17
Hg,Ni,Tl,0.012665170445868235,0.20099620783566602,1611,17
Ni,Tl,Hg,-0.04806382440663537,0.16545584692723353,1611,17
Tl,Hg,Ni,-0.006625762631720988,0.2105524846192791,1611,17
Hg,Ni,Tl,0.2539375177931449,0.63821897223495,1612,17
Ni,Tl,Hg,0.01062214924860072,0.5288669684764864,1612,17
Tl,Hg,Ni,0.42965586686352353,0.6284663437243381,1612,17
Hg,Ni,Tl,-0.06948481396757344,0.5439739811961743,1613,17
Ni,Tl,Hg,-0.24897168538000924,0.42276972293552667,1613,17
Tl,Hg,Ni,0.05323727006165635,0.4907586853599864,1613,17
Hg,Ni,Tl,0.029269075279566792,0.588625131338005,1614,17
Ni,Tl,Hg,-0.39324189575989443,0.67105799430377,1614,17
Tl,Hg,Ni,0.3290490768107963,0.6304628029013988,1614,17
Hg,Ni,Tl,-0.7099529636042405,1.1152966073117236,1615,17
Ni,Tl,Hg,-0.9932058234756564,1.0515808903969392,1615,17
Tl,Hg,Ni,-0.07574141080169094,0.8331848875797077,1615,17
Hg,Ni,Tl,0.34824807146476644,0.6396300549476517,1616,17
Ni,Tl,Hg,0.25952462274705557,0.7297699281917223,1616,17
Tl,Hg,Ni,-0.09181923273415293,0.7336724892876443,1616,17
Hg,Ni,Tl,0.3956494643884816,0.7164605700263393,1617,17
Ni,Tl,Hg,-0.8229437231826298,0.8017808688315415,1617,17
Tl,Hg,Ni,-0.8087548353184464,0.8417312922462489,1617,17
Hg,Ni,Tl,0.08379055567281579,0.45607107542290104,1618,17
Ni,Tl,Hg,0.09920971139528278,0.42444603961185473,1618,17
Tl,Hg,Ni,0.0450330626333848,0.499634723596431,1618,17
Hg,Ni,Tl,0.07468845234129962,0.6021667923639525,1619,17
Ni,Tl,Hg,-0.048614878061978395,0.6220998816076093,1619,17
Tl,Hg,Ni,0.1425086363050223,0.5683200078731849,1619,17
Hg,Ni,Tl,0.15169497917030395,0.2982012540142085,1620,17
Ni,Tl,Hg,0.2231261664062103,0.3877024584461332,1620,17
Tl,Hg,Ni,0.16446016520561546,0.3378277885519012,1620,17
Hg,Ni,Tl,0.20801665627458288,0.5245251597406674,1621,17
Ni,Tl,Hg,-0.041659040924634905,0.4914960685763718,1621,17
Tl,Hg,Ni,0.16029283568257346,0.48281799646286444,1621,17
Hg,Ni,Tl,0.23920651725605158,0.494186856665447,1622,17
Ni,Tl,Hg,-0.12799920909305573,0.5060024913325286,1622,17
Tl,Hg,Ni,0.0545582749777056,0.4991305255485779,1622,17
Hg,Ni,Tl,0.13821201237551417,0.4192146951956207,1623,17
Ni,Tl,Hg,-0.25161788899334203,0.3757638995521943,1623,17
Tl,Hg,Ni,0.12999066061176912,0.4320073731638293,1623,17
Hg,Ni,Tl,-0.02418596881646984,0.41863372884933836,1624,17
Ni,Tl,Hg,-0.16904435625430736,0.4093538110797675,1624,17
Tl,Hg,Ni,0.022714929577452025,0.3804374134880266,1624,17
Hg,Ni,Tl,0.48948672221698253,0.6420932629003885,1625,17
Ni,Tl,Hg,0.13653608182059873,0.6081640587653127,1625,17
Tl,Hg,Ni,-0.3295953063283221,0.6701118119506597,1625,17
Hg,Ni,Tl,-5.562656775617292e-4,0.4402762894542948,1626,17
Ni,Tl,Hg,-0.0245078654466373,0.4441871231722667,1626,17
Tl,Hg,Ni,0.1643732329986718,0.3948442191949555,1626,17
Hg,Ni,Tl,0.43649865433066504,0.7209611805059655,1627,17
Ni,Tl,Hg,0.439727623703285,0.6624189623784733,1627,17
Tl,Hg,Ni,0.13287291204092266,0.5711161057811085,1627,17
Hg,Ni,Tl,0.2001383958667322,0.3775887678208494,1628,17
Ni,Tl,Hg,0.10337665161275478,0.33055893810288167,1628,17
Tl,Hg,Ni,0.23628539607599364,0.36966011781733904,1628,17
Hg,Ni,Tl,0.9321231882625707,0.7158440888414609,1629,17
Ni,Tl,Hg,-0.11228468230643429,0.4807233284823441,1629,17
Tl,Hg,Ni,1.042263989469724,0.6943074766402704,1629,17
Hg,Ni,Tl,0.5017332123445715,0.52590155342472,1630,17
Ni,Tl,Hg,0.22782858201448697,0.5299844098046962,1630,17
Tl,Hg,Ni,0.4701317807121974,0.5148811970297599,1630,17
Hg,Ni,Tl,-0.09649712644675734,0.4556728765644368,1631,17
Ni,Tl,Hg,-0.31994774753562805,0.5360171156216859,1631,17
Tl,Hg,Ni,-0.09953698401160782,0.4834607918642194,1631,17
Hg,Ni,Tl,0.25300066303161817,0.8414550772495947,1632,17
Ni,Tl,Hg,0.08618463921116071,0.7151734727943448,1632,17
Tl,Hg,Ni,0.21029332197462747,0.600312905652147,1632,17
Hg,Ni,Tl,0.4217705725934211,0.5238007965979756,1633,17
Ni,Tl,Hg,0.39468416669807294,0.47968965003077163,1633,17
Tl,Hg,Ni,0.26847144857594163,0.499139006770549,1633,17
Hg,Ni,Tl,0.01794314536885011,0.9135640788025735,1634,17
Ni,Tl,Hg,-0.0647550794002072,1.3052776794063794,1634,17
Tl,Hg,Ni,0.06633292869003693,1.1074681636833348,1634,17
Hg,Ni,Tl,0.236331730012866,0.48261678576521333,1635,17
Ni,Tl,Hg,0.17022225122163004,0.407742093637392,1635,17
Tl,Hg,Ni,0.2477075094158847,0.4528110713024945,1635,17
Hg,Ni,Tl,0.0015160017489201927,0.4422855446377986,1636,17
Ni,Tl,Hg,0.11332012462949947,0.48159199383425416,1636,17
Tl,Hg,Ni,0.0553224639466432,0.4752114925744351,1636,17
Hg,Ni,Tl,0.06959725867864774,0.6114511591300863,1637,17
Ni,Tl,Hg,-0.3237774485048903,0.5674096133814723,1637,17
Tl,Hg,Ni,0.0670751064368158,0.4712808478188957,1637,17
Hg,Ni,Tl,0.11238563165880144,0.49514043034520033,1638,17
Ni,Tl,Hg,-0.029417073129498483,0.5582291131566779,1638,17
Tl,Hg,Ni,0.3787975187147845,0.6163270381197604,1638,17
Hg,Ni,Tl,0.055747807904467095,0.3796685871206128,1639,17
Ni,Tl,Hg,-0.09377356289247185,0.4397492892821506,1639,17
Tl,Hg,Ni,0.21655830756931316,0.47486193553528167,1639,17
Hg,Ni,Tl,-0.05252826899893659,0.6069236087786227,1640,17
Ni,Tl,Hg,-0.2141466313286733,0.5825394060807592,1640,17
Tl,Hg,Ni,0.19980147592397213,0.5496535170430878,1640,17
Hg,Ni,Tl,0.26751952447117144,0.3935829111322299,1641,17
Ni,Tl,Hg,0.16369127481987267,0.37053025169215437,1641,17
Tl,Hg,Ni,0.10285185839383004,0.3225298957210213,1641,17
Hg,Ni,Tl,0.026871308154697182,0.4430048780519053,1642,17
Ni,Tl,Hg,-0.2731131479686706,0.45224941088031767,1642,17
Tl,Hg,Ni,-0.001003253499996859,0.42497232935790336,1642,17
Hg,Ni,Tl,0.2497552591400165,0.3600410828921844,1643,17
Ni,Tl,Hg,0.10768961581055114,0.30104095695739386,1643,17
Tl,Hg,Ni,0.11551459755945404,0.33907411196661263,1643,17
Hg,Ni,Tl,-0.21878313201752375,0.5925815311907788,1644,17
Ni,Tl,Hg,-0.6995622846596476,0.6338300995080599,1644,17
Tl,Hg,Ni,-0.09325498014893352,0.5706279257425343,1644,17
Hg,Ni,Tl,-0.7663203676225914,1.0765501053312982,1645,17
Ni,Tl,Hg,-0.5530472194980227,0.8358991374953006,1645,17
Tl,Hg,Ni,-0.02475443117482179,0.7828169308654798,1645,17
Hg,Ni,Tl,-0.10860054381208117,0.5149183188308537,1646,17
Ni,Tl,Hg,-0.19469621251842106,0.5320899059841522,1646,17
Tl,Hg,Ni,-0.053725331537389565,0.3928155664051477,1646,17
Hg,Ni,Tl,1.8191911069173758,1.6651917343049685,1647,17
Ni,Tl,Hg,0.37888442537626643,1.6107437913509823,1647,17
Tl,Hg,Ni,2.9985453626455554,2.0143309379367653,1647,17
Hg,Ni,Tl,-0.06810948858761545,0.4613588592892716,1648,17
Ni,Tl,Hg,-0.23423254316361053,0.4288801790168251,1648,17
Tl,Hg,Ni,-0.0818151697467524,0.5096477498588785,1648,17
Hg,Ni,Tl,0.34374989210030815,0.5001586963065895,1649,17
Ni,Tl,Hg,0.3484291085696549,0.4105605841864451,1649,17
Tl,Hg,Ni,0.15058867527818975,0.42964315369514117,1649,17
Hg,Ni,Tl,0.4592597405615497,0.6525653206153517,1650,17
Ni,Tl,Hg,-0.08460090538345622,0.6632952710967117,1650,17
Tl,Hg,Ni,-0.36800658699931876,0.6975263064871063,1650,17
Hg,Ni,Tl,1.2614559508331098,0.8166472276955012,1651,17
Ni,Tl,Hg,0.8063040447397567,0.9803476349736716,1651,17
Tl,Hg,Ni,0.46660745254472413,0.9604281785200592,1651,17
Hg,Ni,Tl,0.32444289624544975,0.6287595367181454,1652,17
Ni,Tl,Hg,0.09646133050796468,0.7326945382680736,1652,17
Tl,Hg,Ni,0.305780436635108,0.8667646206893137,1652,17
Hg,Ni,Tl,0.3374782294743168,1.208652255167599,1653,17
Ni,Tl,Hg,-3.041794977020471,2.4184054805549415,1653,17
Tl,Hg,Ni,-3.4056928953841688,2.2538472081621492,1653,17
Hg,Ni,Tl,0.10802252362098752,0.4327430257335493,1654,17
Ni,Tl,Hg,-0.1995091458094267,0.43149038947983565,1654,17
Tl,Hg,Ni,0.009824201363898943,0.4804228732562705,1654,17
Hg,Ni,Tl,-0.35018812636024244,0.5502561299576898,1655,17
Ni,Tl,Hg,-0.23342546927014407,0.6384208390234036,1655,17
Tl,Hg,Ni,-0.024403943319277754,0.45660362673703414,1655,17
Hg,Ni,Tl,-0.15435175285697245,0.5784280983651777,1656,17
Ni,Tl,Hg,-0.5100591981708984,0.6007992146672754,1656,17
Tl,Hg,Ni,-0.014405101575411194,0.5663961574973523,1656,17
Hg,Ni,Tl,0.2573644686635417,0.5250138424463294,1657,17
Ni,Tl,Hg,-0.011843710272382957,0.5702826561589698,1657,17
Tl,Hg,Ni,-0.19117198912381017,0.4788594183348847,1657,17
Hg,Ni,Tl,1.1070439751478345,0.9250680125998032,1658,17
Ni,Tl,Hg,-0.20470495685086387,0.7112069594533369,1658,17
Tl,Hg,Ni,0.504698584147703,0.857070610289361,1658,17
Hg,Ni,Tl,0.459817752660058,1.0066280863993091,1659,17
Ni,Tl,Hg,-0.10648286192111645,0.888682639058281,1659,17
Tl,Hg,Ni,0.8312791204839058,0.7131901800914334,1659,17
Hg,Ni,Tl,0.4161353846886553,0.437660590043994,1660,17
Ni,Tl,Hg,0.4067758757460891,0.41854314609152043,1660,17
Tl,Hg,Ni,0.19955535619474807,0.4070357628673393,1660,17
Hg,Ni,Tl,-0.05573033435216601,0.7331614651086794,1661,17
Ni,Tl,Hg,-0.3439945951911154,0.7255266817589865,1661,17
Tl,Hg,Ni,0.24733400710708686,0.6388581669301497,1661,17
Hg,Ni,Tl,0.6267698952859324,0.7353648630617167,1662,17
Ni,Tl,Hg,0.6070244507228657,0.8118676514506082,1662,17
Tl,Hg,Ni,0.6026867365047166,0.6985094032020465,1662,17
Hg,Ni,Tl,0.17533347261111398,0.6665020859900433,1663,17
Ni,Tl,Hg,0.15953356513237482,0.49461160932082837,1663,17
Tl,Hg,Ni,0.029280431663120776,0.5477306495327949,1663,17
Hg,Ni,Tl,0.435062636163253,0.6848647234054885,1664,17
Ni,Tl,Hg,-0.012900811126831613,0.5353541920073391,1664,17
Tl,Hg,Ni,0.2624512266635861,0.6456303241196436,1664,17
Hg,Ni,Tl,0.279725263979099,0.5516339752463912,1665,17
Ni,Tl,Hg,0.1950561630054395,0.48743992629050614,1665,17
Tl,Hg,Ni,0.1819848312651713,0.42611738451453307,1665,17
Hg,Ni,Tl,-0.27421621124479767,0.5736771079270272,1666,17
Ni,Tl,Hg,-0.3375157036149501,0.6628964682385329,1666,17
Tl,Hg,Ni,-0.04104628784845854,0.5187669763810681,1666,17
Hg,Ni,Tl,0.4366658292082657,0.5698016411969274,1667,17
Ni,Tl,Hg,-0.06347865124836227,0.5258099554642237,1667,17
Tl,Hg,Ni,0.41046709041280804,0.7190591827889309,1667,17
Hg,Ni,Tl,0.0828688338380843,0.6718373084225329,1668,17
Ni,Tl,Hg,0.1667033336502053,0.5851440479878551,1668,17
Tl,Hg,Ni,-0.1773332626297197,0.48626186253064124,1668,17
Hg,Ni,Tl,-0.12257752160067215,0.532270442653833,1669,17
Ni,Tl,Hg,-0.22826968475411258,0.4883818563180059,1669,17
Tl,Hg,Ni,0.15837394705218477,0.4167609752834026,1669,17
Hg,Ni,Tl,-0.5891767506769523,0.8403493080188923,1670,17
Ni,Tl,Hg,-0.8013987309385988,0.9283086625817779,1670,17
Tl,Hg,Ni,0.8385595716075143,0.9383989829453426,1670,17
Hg,Ni,Tl,-0.12432911663453838,0.47662684820042217,1671,17
Ni,Tl,Hg,-0.210024619015861,0.452958987030119,1671,17
Tl,Hg,Ni,-0.05477575359147968,0.4206224753977363,1671,17
Hg,Ni,Tl,-0.033619583687345855,0.5111835583621585,1672,17
Ni,Tl,Hg,-0.4283285058242625,0.6346911306224431,1672,17
Tl,Hg,Ni,-0.3296477628892114,0.5561108993111591,1672,17
Hg,Ni,Tl,0.20724441560552265,0.48972989118827503,1673,17
Ni,Tl,Hg,-0.029859809485946798,0.46192339549083594,1673,17
Tl,Hg,Ni,0.32016966702201977,0.48290423800086524,1673,17
Hg,Ni,Tl,-0.01786963071378267,0.5661721787589172,1674,17
Ni,Tl,Hg,0.059430887489643425,0.5810690244907063,1674,17
Tl,Hg,Ni,0.2917206904433951,0.567799816755678,1674,17
Hg,Ni,Tl,-0.09539118813072855,0.6177656068448888,1675,17
Ni,Tl,Hg,0.0984448202453092,0.5095025861689451,1675,17
Tl,Hg,Ni,-0.47114513096691235,0.6364035060938673,1675,17
Hg,Ni,Tl,-0.006723587648721718,0.2630577561489978,1676,17
Ni,Tl,Hg,-0.04788658094169573,0.28080260259764767,1676,17
Tl,Hg,Ni,-0.006978748429321335,0.2797303187801161,1676,17
Hg,Ni,Tl,0.3406920988838529,0.7720243272204796,1677,17
Ni,Tl,Hg,-0.1196401467804673,0.5125080064704305,1677,17
Tl,Hg,Ni,0.4437091603511951,0.6512849908018856,1677,17
Hg,Ni,Tl,0.011075174678527588,0.3295948484833587,1678,17
Ni,Tl,Hg,-0.10199052577671308,0.3299490124867945,1678,17
Tl,Hg,Ni,-0.014502557980585529,0.40016718010997726,1678,17
Hg,Ni,Tl,0.24134341425971861,0.6811455865114787,1679,17
Ni,Tl,Hg,0.058225114864637106,0.8488789875445293,1679,17
Tl,Hg,Ni,0.617462082556699,0.8579316085312594,1679,17
Hg,Ni,Tl,0.7455877838613287,0.8453554675403865,1680,17
Ni,Tl,Hg,-0.37733767395657036,0.5973335480565091,1680,17
Tl,Hg,Ni,0.7565392153313755,0.853466478632922,1680,17
Hg,Ni,Tl,2.369648724760164,1.0855043506142523,1681,17
Ni,Tl,Hg,2.2990251132900696,1.1301173424062505,1681,17
Tl,Hg,Ni,1.1859105322233385,0.9117167733294255,1681,17
Hg,Ni,Tl,0.018323243269171563,0.2629322856821642,1682,17
Ni,Tl,Hg,-0.08644964087125029,0.28221691044643726,1682,17
Tl,Hg,Ni,-0.021490581975254663,0.3030495980500824,1682,17
Hg,Ni,Tl,1.4228107821863318,0.7341837681828207,1683,17
Ni,Tl,Hg,1.1010996717404407,0.7791934088343453,1683,17
Tl,Hg,Ni,0.32880161959705756,0.6825824897743255,1683,17
Hg,Ni,Tl,0.10833733916897659,0.7580639304,1684,17
Ni,Tl,Hg,-0.17506247398427055,0.8086411588848434,1684,17
Tl,Hg,Ni,0.09213608335741919,0.7117995102214116,1684,17
Hg,Ni,Tl,0.3175425215008847,0.5418233455229079,1685,17
Ni,Tl,Hg,-0.7756834393333163,0.612487319595205,1685,17
Tl,Hg,Ni,-0.46596416656249406,0.6758215572984646,1685,17
Hg,Ni,Tl,0.1853833387117545,0.5812028029777445,1686,17
Ni,Tl,Hg,0.21566333499557144,0.5595026465287379,1686,17
Tl,Hg,Ni,-0.09213630113163696,0.4630876837373479,1686,17
Hg,Ni,Tl,0.6694031495507407,0.6403829897975417,1687,17
Ni,Tl,Hg,0.2413547748300271,0.5595388244783439,1687,17
Tl,Hg,Ni,0.31426779195478716,0.5308926906380225,1687,17
Hg,Ni,Tl,0.3936811392097903,0.4843397506088288,1688,17
Ni,Tl,Hg,0.06021443398318649,0.46858286143274924,1688,17
Tl,Hg,Ni,0.11857040847997524,0.39330609393087124,1688,17
Hg,Ni,Tl,-0.42622331084781884,0.5128576594474082,1689,17
Ni,Tl,Hg,-0.5565856410442445,0.4708426812525737,1689,17
Tl,Hg,Ni,0.04571609225734674,0.42648379035937883,1689,17
Hg,Ni,Tl,0.4739340468683766,0.4943553222438755,1690,17
Ni,Tl,Hg,0.2654786513949432,0.47634544346708063,1690,17
Tl,Hg,Ni,-0.11679154228553834,0.45463265176457174,1690,17
Hg,Ni,Tl,-0.4696591105877168,1.0668965153462735,1691,17
Ni,Tl,Hg,-0.7648201646299562,1.2889403171764637,1691,17
Tl,Hg,Ni,0.04480240241498823,0.9161526025106985,1691,17
Hg,Ni,Tl,-0.23396843466979922,0.46570540551199907,1692,17
Ni,Tl,Hg,-0.5488651912549405,0.4833010058216188,1692,17
Tl,Hg,Ni,-0.12300700194845193,0.4332859130498688,1692,17
Hg,Ni,Tl,0.14489620063967834,0.6972386484486014,1693,17
Ni,Tl,Hg,0.1012062619353511,0.49704368475919736,1693,17
Tl,Hg,Ni,0.006327111626848847,0.5543183252031387,1693,17
Hg,Ni,Tl,0.17486672849013463,0.5703647547109146,1694,17
Ni,Tl,Hg,-0.11792182993562328,0.5145325821670245,1694,17
Tl,Hg,Ni,0.1898651841015324,0.4287099012659584,1694,17
Hg,Ni,Tl,-0.008074230643499547,0.5172008932006689,1695,17
Ni,Tl,Hg,-0.10063970048434356,0.5381836941122963,1695,17
Tl,Hg,Ni,0.1843546593136418,0.5301205371418891,1695,17
Hg,Ni,Tl,0.050493369614311945,0.3276232015593847,1696,17
Ni,Tl,Hg,0.03986077272573585,0.26452905974149993,1696,17
Tl,Hg,Ni,0.015951139943999326,0.3089161674515482,1696,17
Hg,Ni,Tl,0.2966728387822575,0.5996235453137054,1697,17
Ni,Tl,Hg,0.15134372743390712,0.5855770975983924,1697,17
Tl,Hg,Ni,0.08067344100812512,0.49326197336127947,1697,17
Hg,Ni,Tl,0.3285687304430893,0.658007699789559,1698,17
Ni,Tl,Hg,0.36683530769709805,0.6151305231910185,1698,17
Tl,Hg,Ni,0.009482231863458868,0.4425047761495275,1698,17
Hg,Ni,Tl,0.26601687617620673,0.9422173189476956,1699,17
Ni,Tl,Hg,0.9855917614619409,1.2117926725911352,1699,17
Tl,Hg,Ni,0.703302095805018,0.937167207773724,1699,17
Hg,Ni,Tl,-0.0028434299184660894,0.2988995364881229,1700,17
Ni,Tl,Hg,-0.10985061335085833,0.2888779722454739,1700,17
Tl,Hg,Ni,0.040124479695758275,0.26452897304412104,1700,17
