est,sd,race,trial,case
3.7146038158408334,0.787667922162899,1,1,1
1.2827944977348058,0.9200590942982234,2,1,1
0.8966129551857911,1.0659713303746121,3,1,1
1.0810147518146538,0.42713237498798234,4,1,1
1.79873154732568,0.4500480687704768,5,1,1
1.1791698326539892,1.2476583571464295,1,10,1
1.8227418979288847,0.829538765367556,2,10,1
-0.059639914659983084,1.1466289335256654,3,10,1
0.694799859383219,0.40988323506539226,4,10,1
1.525923707539325,0.3994012911971317,5,10,1
1.636939890861596,1.280030662801776,1,100,1
1.812019971459926,0.795463977328596,2,100,1
0.32154398384174465,1.086419922189776,3,100,1
1.1548240928460127,0.4414412003326636,4,100,1
0.4408654195662436,0.4468705169756098,5,100,1
1.397181461660363,0.9706287055468281,1,11,1
1.375561930556077,0.8561227313014764,2,11,1
-0.019638638633569627,2.146766474919689,3,11,1
1.509285371603705,0.5192024339644534,4,11,1
1.5336602518685005,0.495448833759206,5,11,1
3.774536984687729,1.3012636763455352,1,12,1
3.059603666405218,0.8420908046177317,2,12,1
3.01122513042717,0.9090477415022525,3,12,1
1.5518473535551234,0.459914749182996,4,12,1
0.987572142350333,0.47910843286186183,5,12,1
0.21308181755274758,1.3219193488932734,1,13,1
2.306834920900263,0.9110618647080329,2,13,1
1.024668788022642,0.8683120543571028,3,13,1
1.9587752937449205,0.43921263345583156,4,13,1
0.6226477703218194,0.4109436346798018,5,13,1
1.1410570283847306,0.9024151956323904,1,14,1
1.9101900874600246,0.7268000733011762,2,14,1
1.6948123023804897,1.872808794308551,3,14,1
0.7850364398086711,0.5077203860117417,4,14,1
0.5497843934439075,0.3474841457618409,5,14,1
1.240049572776134,0.8388739773495013,1,15,1
0.9213570842500334,0.7491083437161132,2,15,1
1.3901453260090069,1.8762805945999377,3,15,1
1.4248802529768763,0.4919857922570076,4,15,1
1.7097750706712342,0.4695660651684047,5,15,1
-0.6383385266383108,1.7212650583514266,1,16,1
1.4597426301804144,0.6788526806525048,2,16,1
0.4776729015050982,2.048378972292389,3,16,1
1.0598827944352749,0.5495827672366311,4,16,1
1.1945671751046203,0.45953698447916824,5,16,1
0.41959012868624,0.8963144813977943,1,17,1
0.6240865026292157,0.6220318566385495,2,17,1
1.5230990618677183,1.1793707584135125,3,17,1
2.3022014156227737,0.6685831644911779,4,17,1
1.4948380280958427,0.45288863136228696,5,17,1
0.9872033375610776,1.2709982053903197,1,18,1
1.3995283547340094,0.7174645065920374,2,18,1
6.272722511436114,5.176853278800162,3,18,1
2.084046472113142,0.5778063688207672,4,18,1
0.9983526930345397,0.47703832436427296,5,18,1
1.3718879864253788,1.2331580947047451,1,19,1
1.1370402889934135,0.6778093339750356,2,19,1
4.147932075979204,1.551481292571555,3,19,1
1.6516996634884986,0.4924248716160846,4,19,1
0.9334265996810291,0.39543621224235964,5,19,1
0.933053265913613,1.1269783336703598,1,2,1
1.757124748137728,0.8079468882514081,2,2,1
0.8958687888836063,1.0254781793804058,3,2,1
0.7864913293260787,0.4980048317294009,4,2,1
1.1250084539340448,0.41832798831353146,5,2,1
1.4007647601831104,1.1955704471670567,1,20,1
1.1165797259997148,0.7625032637561429,2,20,1
0.45272177267101155,1.1403211831221534,3,20,1
1.4486179099798706,0.49915165661158356,4,20,1
0.5316578525240807,0.4726758796152039,5,20,1
0.6268378437031723,1.0348811637938977,1,21,1
2.709870283913823,0.9067207800203583,2,21,1
-0.0525920827225681,2.3395841954978365,3,21,1
1.1579588950633708,0.4445595987444366,4,21,1
1.2816343792911966,0.4308379395516044,5,21,1
0.45203946594953726,1.1393930129391465,1,22,1
1.8255051518463334,0.721464520130601,2,22,1
2.835027716483399,1.7903017874090024,3,22,1
0.4730586900040352,0.46241378020652246,4,22,1
1.7570706377191319,0.3945726546768223,5,22,1
1.0199647647794565,1.1221867299295716,1,23,1
1.3579436218987269,0.9166600428742872,2,23,1
3.646711532209422,1.4925230910669356,3,23,1
0.9610740152223549,0.48337455323654077,4,23,1
0.8488659262605873,0.43058478251821514,5,23,1
0.41977482337463723,1.1361251523136604,1,24,1
3.171899419189124,0.8152393066702438,2,24,1
-0.2815475135952914,1.0347402123162646,3,24,1
1.871231756545995,0.5636689508727879,4,24,1
1.6469281472984365,0.3965238672933834,5,24,1
0.543159605326033,1.0665142819379567,1,25,1
2.238022110531743,1.0833011895081832,2,25,1
1.7437071917533866,1.169923186770295,3,25,1
1.606451481756471,0.5889477699161731,4,25,1
2.1256205984322563,0.45756557797992087,5,25,1
0.004356964709712585,0.9285498750134445,1,26,1
2.1047347769974847,0.9576986476480327,2,26,1
0.13255753505990198,1.0514283199583971,3,26,1
1.503793070297092,0.49241998231037265,4,26,1
1.2039659741632773,0.39913582457494734,5,26,1
1.3722490913631487,1.0746337997697486,1,27,1
1.8040242953445897,0.7719381332281032,2,27,1
4.223165619203095,2.1083970231410065,3,27,1
0.3408577304528855,0.40004230398674445,4,27,1
1.5340206526521953,0.3939247092162002,5,27,1
0.1898410058528519,1.4930919632667763,1,28,1
3.214894038432227,1.2034010841681595,2,28,1
0.16240992678819488,1.0792821172515732,3,28,1
1.5494574303281454,0.48720666317691247,4,28,1
1.1115295541591959,0.46632920377046544,5,28,1
-0.11317590822996015,0.7726102377332758,1,29,1
1.125648507235002,0.7184662520032252,2,29,1
0.39355277614821915,1.2076403272142848,3,29,1
1.4970557362718542,0.528706068082742,4,29,1
1.9941830916082601,0.46280511321545903,5,29,1
1.2067990553579624,0.869129368118266,1,3,1
1.1514301185699916,0.8284787594113482,2,3,1
1.526856807404764,1.0836650803869206,3,3,1
1.8795326454455745,0.5697056710236318,4,3,1
1.2893124437519754,0.4463943141027415,5,3,1
1.8357638872533852,0.9316971883070801,1,30,1
3.5019464632577866,1.1463828674489553,2,30,1
0.682125941046225,2.3008683953973583,3,30,1
0.8811834878546305,0.4259028714625611,4,30,1
1.1842080145463494,0.37316306410098954,5,30,1
2.4274452679655063,1.184545018517076,1,31,1
4.261382014926463,0.7569080360391659,2,31,1
1.2740593135026472,2.207244497165738,3,31,1
1.0922796949916562,0.5321845809669298,4,31,1
1.4148947509397782,0.3978794002638362,5,31,1
1.8270834585126563,1.3600297795279346,1,32,1
1.2008365738898932,0.8754726760051538,2,32,1
1.6212222468738362,1.0088136405768897,3,32,1
2.226686293184558,0.4624999988233753,4,32,1
1.6784853862429485,0.41671584969538483,5,32,1
0.9097145384774095,1.9095136760670022,1,33,1
2.7514529651700297,1.020440449200667,2,33,1
1.0172022379317442,1.2115341940444335,3,33,1
1.45609482220133,0.6072105220727905,4,33,1
1.9841331839038885,0.490377499335125,5,33,1
0.421891881967404,0.8726217641332846,1,34,1
-0.8147486633106945,0.7287396390833089,2,34,1
1.2648589010085272,1.1454130216256846,3,34,1
1.7250348216638365,0.48745725462673833,4,34,1
1.513062726078414,0.36967940145706224,5,34,1
1.5631213461658264,0.9463039359633362,1,35,1
2.815336488918164,1.0459235647501106,2,35,1
1.1377903835319785,1.0494494787772288,3,35,1
1.3811385352937795,0.49220478885711194,4,35,1
0.5803414403520972,0.433391146856606,5,35,1
0.8725847963184421,0.9364296077551565,1,36,1
1.0588122428897577,0.8316468416723013,2,36,1
2.1823368758843977,1.8232626756012853,3,36,1
1.0625167755839038,0.4453683599393615,4,36,1
1.3554435218840757,0.43735541706622305,5,36,1
-0.842931758036344,0.9818435180148652,1,37,1
1.2831571789856488,0.6802907353049574,2,37,1
0.11628333093217647,0.9181809002479588,3,37,1
1.6878902424399391,0.524860481907472,4,37,1
2.2703253150367946,0.4026520454039001,5,37,1
0.1888697966849886,0.8577538385904839,1,38,1
2.0548809345365244,0.7092184444928935,2,38,1
1.8475608726186952,1.6474652341688398,3,38,1
2.1772650174979575,0.44676554680298086,4,38,1
1.4970399761477644,0.438687085748515,5,38,1
0.45140151997501476,0.6889456250077286,1,39,1
1.356342870363398,0.7428355545104603,2,39,1
-0.5498966343084462,1.213187299667792,3,39,1
1.8515821735600597,0.4480496498695382,4,39,1
0.74670334663405,0.47240203957849636,5,39,1
1.6580550960115845,1.1341998536818247,1,4,1
0.6657556496305448,0.6247283509461721,2,4,1
-0.937941104485845,0.95106958313855,3,4,1
1.7520832159091357,0.592412848175431,4,4,1
2.006794991819946,0.4835365095830557,5,4,1
0.9540859083088593,0.9863776159695113,1,40,1
1.8004120747831842,0.8188081134903052,2,40,1
0.0944313671518664,0.867508614156254,3,40,1
1.7789247989749817,0.5873155638585101,4,40,1
1.6807453155842706,0.4368116298568063,5,40,1
-0.15720332028407213,1.0751214535572668,1,41,1
3.3603865214856006,1.0688978090205572,2,41,1
0.060290840580959015,1.565745275470723,3,41,1
1.4204311113781203,0.5072503260850368,4,41,1
1.4732262131377452,0.45496441687419487,5,41,1
1.8379228644129928,0.8155535077088903,1,42,1
1.5490740390132083,0.8191683270098357,2,42,1
0.23747080610435178,0.9076328744042659,3,42,1
1.5287341588764405,0.4361671063831427,4,42,1
0.924916599129114,0.4206385260351209,5,42,1
2.610692530589837,1.046799019345051,1,43,1
2.7275991231716015,1.2037905912767948,2,43,1
1.670034912095911,1.517261702958677,3,43,1
1.5490980515115051,0.6034349400727761,4,43,1
1.4678595056669206,0.41302993095944085,5,43,1
0.34954415492396507,1.129723059427275,1,44,1
2.616631050138848,0.8355717378461777,2,44,1
4.863456812505629,1.6274495383590952,3,44,1
1.4873029852022643,0.4961683171402707,4,44,1
1.6740552709622993,0.4039689803241788,5,44,1
1.541681258870468,0.799996514791105,1,45,1
1.1664042386903262,0.8911077755902415,2,45,1
3.019212063755679,1.4510250549614923,3,45,1
1.4817872286675464,0.46249995863915494,4,45,1
1.5013997609176277,0.44340377517411256,5,45,1
0.244400841422741,0.7731379502251694,1,46,1
1.988547759027309,1.0116076836969834,2,46,1
0.2658520872165999,0.8257823372355096,3,46,1
1.718987928912508,0.45116340862435256,4,46,1
0.8887184245496389,0.40655930546936553,5,46,1
0.9656089732524595,1.0108381293171662,1,47,1
2.0566980471690686,0.7655691849916917,2,47,1
4.203339500825088,1.8802706662357793,3,47,1
0.9500671035228812,0.4398043095283194,4,47,1
1.3577770070372148,0.39995644573960404,5,47,1
1.9856125160881875,1.543906647693173,1,48,1
0.5241278894956141,0.7511076126722174,2,48,1
0.9294889459442128,1.0181328785639883,3,48,1
1.5035994000497563,0.4942871301986185,4,48,1
1.0227991155005793,0.4593643965257617,5,48,1
0.6255108788931469,1.409048054197724,1,49,1
1.7696427668420722,0.8407909113020458,2,49,1
-0.3208286314184432,1.1871138722545806,3,49,1
1.1591538716043321,0.538594534624874,4,49,1
1.0204266388122551,0.40897929821344825,5,49,1
1.6859956611047653,1.4116253265852712,1,5,1
2.736034367722068,0.8490176037123401,2,5,1
2.764695472280347,1.7499734347008506,3,5,1
1.2143865409531562,0.5155396140262339,4,5,1
1.3193039184352102,0.39919986668469726,5,5,1
-0.8451498718804147,1.3733383688552399,1,50,1
2.720953479230768,1.0274155475405282,2,50,1
1.9670972071505903,1.4747779117204236,3,50,1
1.720302418602647,0.4971402361829092,4,50,1
1.0842649344587336,0.4575302047945047,5,50,1
4.175254806332982,3.0798987823204027,1,51,1
3.480059508883508,0.9406273954090648,2,51,1
1.5458481971609301,1.204603712920916,3,51,1
1.5013224945817227,0.4981840987795262,4,51,1
1.1454059316527676,0.4257184377939088,5,51,1
0.2803041934035879,0.9639498745861644,1,52,1
2.713762792435123,1.32657505989111,2,52,1
1.6462805275887238,2.8009874414117317,3,52,1
0.8051707518315028,0.3803135130594772,4,52,1
1.1096330291400944,0.3935222154812103,5,52,1
-0.08475669223644644,1.0506844321766373,1,53,1
1.8193322557603064,0.9842217021169559,2,53,1
2.917870949298714,1.6704483716186962,3,53,1
0.926357150782072,0.44119512704950864,4,53,1
1.3466698086193385,0.4260611571230538,5,53,1
1.7131986886059742,0.8559456926155167,1,54,1
1.5102667659649196,0.7512674787736763,2,54,1
0.37538471410458474,2.46687532465938,3,54,1
0.7112850791764793,0.42048465223594284,4,54,1
1.2352154264263273,0.4877053245285287,5,54,1
2.739513594009546,1.4046937998022777,1,55,1
-0.027393145505842487,0.7802793998207747,2,55,1
0.4311181884975417,1.5641225491546162,3,55,1
2.1210254272670372,0.5917609595918418,4,55,1
1.5575534205140698,0.439575184555604,5,55,1
0.7434276740528816,0.9034529538114213,1,56,1
3.124943882625856,1.0009802232841616,2,56,1
1.6559231314551486,1.6828661317314415,3,56,1
0.6692189746027566,0.4614909247758942,4,56,1
0.4661896076761325,0.42547738687149383,5,56,1
-0.286320740270791,0.8059266078694899,1,57,1
2.9826511431865925,0.9215820255763406,2,57,1
-0.3875547131806347,0.7918247554020867,3,57,1
0.520035326762867,0.4102720410827642,4,57,1
1.2009098005141854,0.43292454052298507,5,57,1
3.794696218851479,1.5583700852585312,1,58,1
2.036286174595739,0.7671300898730578,2,58,1
2.1356222595573393,0.8091813110455339,3,58,1
1.4622124442042153,0.4143494462582385,4,58,1
1.448201980231346,0.4595051498770476,5,58,1
0.036870265285323,0.8424318727763519,1,59,1
4.177776972431423,1.2214083142893815,2,59,1
3.09393864924683,1.430304124422019,3,59,1
1.6416933337296156,0.4548178204543882,4,59,1
2.1658310480471576,0.43565619212277706,5,59,1
1.112293106389349,0.9554376948908316,1,6,1
0.47708825830926127,0.8614876566058839,2,6,1
0.2204471845373548,0.7631521363082102,3,6,1
1.5159283783354662,0.4862645927585806,4,6,1
1.2510628523771494,0.4102148661346585,5,6,1
1.2642301790012493,0.8573680104751829,1,60,1
2.266375245361778,0.8340218180742321,2,60,1
2.0306142636401368,1.2154052154184347,3,60,1
1.264113257952992,0.4581478013805827,4,60,1
0.9070081998990971,0.4215022581875349,5,60,1
0.21827919935614226,0.9596481931910057,1,61,1
3.2461723498198083,0.9725966735191226,2,61,1
-0.03698518291073505,1.3669987219296749,3,61,1
1.3168056724052004,0.4974229775992864,4,61,1
1.235951476251604,0.4663379501329458,5,61,1
1.1069146357482291,1.4030200577812915,1,62,1
2.629678740226838,0.9440528235555861,2,62,1
0.6272204593734187,1.309624194203377,3,62,1
1.482176152671216,0.5093180860398813,4,62,1
0.9171632178109839,0.3931362293112954,5,62,1
0.4113975431887398,0.7448154275546447,1,63,1
2.3772905322552162,0.9487664206532129,2,63,1
-0.4788814595198141,1.2894461927823575,3,63,1
1.248174657647999,0.5130613209971713,4,63,1
2.0081847567304947,0.5025997588915825,5,63,1
0.0013274748684086735,1.1682455268272651,1,64,1
3.60798488770333,1.0468961883264047,2,64,1
-0.1522497512114369,0.7554622745192364,3,64,1
1.457704844013449,0.49356118721839215,4,64,1
1.003142672016942,0.4044096103175345,5,64,1
-0.09250682486584338,0.9484587918702121,1,65,1
4.208193702327579,1.0340848643115355,2,65,1
0.4753671740274168,0.8731640815270135,3,65,1
0.6836512557277343,0.48179675080705997,4,65,1
1.4469645455795446,0.42917860332232394,5,65,1
1.1995739780633814,1.1301062929845453,1,66,1
2.7987117296530464,0.8297408510420591,2,66,1
1.5239891881685246,1.2790913624016123,3,66,1
0.44265279862484963,0.3727101228757238,4,66,1
1.695745864032753,0.44437923761107134,5,66,1
0.3835791834571056,0.9176703339073796,1,67,1
2.3290847332820865,0.8078896896717105,2,67,1
1.776383077821854,1.510573370900242,3,67,1
1.1696580180396015,0.4619720153798142,4,67,1
0.2831885562560741,0.35182122318225173,5,67,1
0.46147000396442195,1.2724582581828998,1,68,1
2.7986241427026366,1.0885891844738576,2,68,1
-0.17934736435548881,1.6963624920889655,3,68,1
0.6433644572631412,0.4440852241279878,4,68,1
1.2847635763152607,0.4063445361497836,5,68,1
2.371972266299562,1.1057777901354666,1,69,1
0.8004638152591217,0.8172193807485371,2,69,1
0.5569110526432848,1.102717901758117,3,69,1
2.0297893983633792,0.4924780045364847,4,69,1
1.0715733694763547,0.4451120379359091,5,69,1
0.3550134554331241,0.7756367896168278,1,7,1
1.4732388866072998,0.8029937031761939,2,7,1
-0.22698443012359748,0.8754827994337803,3,7,1
1.7602528840146223,0.4444847265856711,4,7,1
1.169192187106666,0.4718297040370923,5,7,1
1.414538191460856,1.4914736537049882,1,70,1
2.6001012108767076,0.7791986463335147,2,70,1
1.372765583629873,1.2330308192975732,3,70,1
1.4058474340493357,0.4910530244976024,4,70,1
0.7982672513404436,0.4493014093042496,5,70,1
1.290578875869687,1.1995925750356367,1,71,1
2.937296591092541,0.8593623125948215,2,71,1
2.1864666172931218,2.06365881601261,3,71,1
1.3424053568174008,0.46189020196895575,4,71,1
1.00976223194459,0.4269162828280571,5,71,1
-0.20670836506690238,1.0311134094741339,1,72,1
1.2523195622164667,0.7457065750611964,2,72,1
-0.1891232056539489,2.3675555844303626,3,72,1
1.4707509746301146,0.5420113566458034,4,72,1
1.7879143442669112,0.41377368408360826,5,72,1
0.11416327622469793,0.8316983093792903,1,73,1
1.7278285542313458,0.886037042281617,2,73,1
1.4214346542581553,1.330590827824496,3,73,1
1.5884270991742762,0.4282280819927311,4,73,1
1.574913845982453,0.44001138300292936,5,73,1
1.0345890033732825,0.894941984095798,1,74,1
0.3203615054897728,0.6526307022986625,2,74,1
0.5663132554071444,1.7792678034674025,3,74,1
2.2475108040084364,0.4856704061375607,4,74,1
1.9728096663916577,0.47185682668092316,5,74,1
0.9755992470851931,1.0184960738667026,1,75,1
2.3224948906354084,1.1088798166219753,2,75,1
0.5320980955548045,1.1114783881560077,3,75,1
0.8035107024885617,0.4634488203568753,4,75,1
0.9970893137317347,0.43803944147085333,5,75,1
2.627276992211106,1.1108475128993316,1,76,1
2.2335024097750873,1.0317176973897608,2,76,1
-0.05656025289527289,1.7244129586222892,3,76,1
1.4341042650716282,0.5002238127415713,4,76,1
1.4908919315899336,0.36783630038236753,5,76,1
0.46897400175463355,1.5674539609412332,1,77,1
2.1173136228918317,0.8621541525645239,2,77,1
1.646174024959235,1.20207499968369,3,77,1
1.3393545294271716,0.5843958702009362,4,77,1
1.1395947651884635,0.3734440027197132,5,77,1
0.38414760665086556,0.8810113321883253,1,78,1
0.9077363663401812,0.7876230383617986,2,78,1
2.773709554893771,1.5191844755843211,3,78,1
1.257735926219416,0.5340718764346196,4,78,1
1.8295940177961896,0.37582233761213624,5,78,1
-0.13567433684643193,0.868201988325883,1,79,1
2.570930432835382,0.9274911531088154,2,79,1
1.1119011298315904,1.562965202119872,3,79,1
1.2044845714745116,0.5770981987776134,4,79,1
0.8707841939012111,0.3982280034768822,5,79,1
0.9820921768076545,0.906818892803661,1,8,1
3.9171078426025843,1.231034187791851,2,8,1
0.8896802412107636,1.083697191461611,3,8,1
0.6476172167138188,0.45295088063625494,4,8,1
1.075770094523067,0.4593491625190264,5,8,1
2.3245682394771823,1.1930935814781438,1,80,1
2.626928025598517,0.9341660632550292,2,80,1
-0.009170537956034508,0.9086688283076522,3,80,1
1.5850910510663958,0.49429306257597455,4,80,1
1.3510972867742312,0.3819803924794206,5,80,1
0.17769166739018205,0.7088917329894973,1,81,1
3.1853387330423213,0.9508776661225392,2,81,1
0.5536771607657123,0.8428984761414724,3,81,1
1.3497764111965638,0.4482575885337849,4,81,1
1.1849523041594217,0.4227665499921245,5,81,1
1.3331857538418252,1.1291173586297794,1,82,1
0.8169526034104773,0.6974486222643339,2,82,1
-0.26241517415684346,1.4974570262059725,3,82,1
1.408333922924808,0.4424128057911924,4,82,1
1.4246729631481503,0.4194116463238216,5,82,1
2.220058526218076,1.3800776642403132,1,83,1
2.728708660708906,0.9754480276587989,2,83,1
0.6059405250036325,1.0658786325217113,3,83,1
1.4943923662897518,0.4446141892647708,4,83,1
1.8860286942700966,0.4133714008090309,5,83,1
0.5676239020594855,0.9370506807000122,1,84,1
1.5619015326521222,0.8031817451561937,2,84,1
3.428828161912347,1.584646438208156,3,84,1
1.660153774704641,0.448132499294741,4,84,1
2.042410041213566,0.4507912338809502,5,84,1
0.7798782009718916,0.8075634915406785,1,85,1
-0.07884248286868001,0.8690072014328178,2,85,1
0.16390938345731088,1.8605708601042121,3,85,1
2.1712143445136487,0.5700024055990238,4,85,1
1.3238702727135738,0.4534789879304464,5,85,1
2.364085524487048,1.1606538419490466,1,86,1
3.8977974447795947,1.2088818086517195,2,86,1
3.124418802559336,1.7459781048533771,3,86,1
0.9452189526358854,0.46939938314581486,4,86,1
0.988294962456898,0.3977098455793385,5,86,1
-0.784816549183255,0.9549453887586321,1,87,1
3.0236974287798346,0.8778233318729759,2,87,1
2.1126294757857815,1.4058652954337352,3,87,1
1.5127265658316196,0.6377710044147404,4,87,1
1.9622435273174714,0.49224412716697596,5,87,1
1.7504603513945045,1.170368763632286,1,88,1
3.2059956007802084,1.0084361638955666,2,88,1
0.34671070830249473,1.686397224163891,3,88,1
1.5667122523681423,0.5104361213140439,4,88,1
0.7395194038741328,0.4198720631894185,5,88,1
2.162127265828449,0.9544129350645991,1,89,1
1.9946744792283115,1.0933597043768697,2,89,1
0.2558968610603434,1.0968764245565268,3,89,1
1.097056348747159,0.44456175174211704,4,89,1
1.5929597522319936,0.3932703256714006,5,89,1
0.25565246923973506,0.9892403690521797,1,9,1
2.9336658340671873,1.0733894123523553,2,9,1
1.6178915997271535,1.2794921942512427,3,9,1
1.0573335761507425,0.4140979392892032,4,9,1
1.5063860483068297,0.421808487145769,5,9,1
-0.07581570673945803,1.08204515848422,1,90,1
2.5438600493447714,0.8317087984932456,2,90,1
1.120968154945385,1.093420855330543,3,90,1
1.7111064619133272,0.44871417037321654,4,90,1
1.4349763218534335,0.3833980060182494,5,90,1
1.161247465932279,1.1608534453410684,1,91,1
1.6339019778487054,0.6681834442318496,2,91,1
0.31075629028901686,0.8039129738411228,3,91,1
1.2118232259675463,0.4941889503617504,4,91,1
1.1060000712932023,0.46659755522494833,5,91,1
1.5898592857107499,0.9445850507893284,1,92,1
1.3421348392530632,0.831196687939656,2,92,1
0.17472523810717266,1.2617146945110733,3,92,1
1.2031385561046646,0.5378595041451996,4,92,1
1.2149890250891806,0.42031145529857855,5,92,1
1.3732305080463552,1.2659209730118042,1,93,1
2.9856463597275376,1.016086546915577,2,93,1
1.264550642206986,1.20211330335828,3,93,1
1.6036380204739,0.5128657940518598,4,93,1
0.8513497858992203,0.4496427014007383,5,93,1
-0.03531167546926928,0.7915798299467881,1,94,1
2.844488239911953,0.8161133263502298,2,94,1
0.737125998324804,0.9961119916247306,3,94,1
1.6163484758694535,0.48678529564621237,4,94,1
1.2217706530069972,0.39801800587040503,5,94,1
1.7986968196686837,1.073063077151079,1,95,1
2.991202171707769,0.8551836701227541,2,95,1
2.379184777928124,1.4887709819081858,3,95,1
1.7995450496788585,0.5222143124906364,4,95,1
1.110126449234305,0.4210850002091682,5,95,1
0.8349196111379718,0.9244932856479188,1,96,1
2.8529605422004485,0.8215271043953446,2,96,1
2.297028482503638,1.2310286103481625,3,96,1
1.6686523496704706,0.4562102930864367,4,96,1
1.189497065855495,0.42099756664449317,5,96,1
0.7343069312723332,1.5172050315865933,1,97,1
1.8368052373180261,0.7218653978332998,2,97,1
0.6712979965143777,1.2152668078408568,3,97,1
1.0939619397358182,0.43034907271989503,4,97,1
0.8256781855804682,0.3918635826238841,5,97,1
1.1388954479528302,0.8954256967432328,1,98,1
3.7395281261405953,0.778083395602655,2,98,1
1.899762831712695,1.4241311816765072,3,98,1
1.681005662794052,0.49493431822770895,4,98,1
0.48565816813747453,0.364895604608826,5,98,1
0.32396295579465884,1.0681422173993493,1,99,1
1.2533611851709816,0.6301963330117858,2,99,1
-0.8484034903926583,3.2024774629091612,3,99,1
1.7008744796847375,0.5321690909153675,4,99,1
1.2424947000259126,0.44966117008439854,5,99,1
3.498585443414309,1.428051247959108,1,101,2
2.1621153970448037,0.7196197718218117,2,101,2
1.4841768777536402,0.8581175376460847,3,101,2
1.7888114614946984,0.6073682189529506,4,101,2
1.2557942960156043,0.5030360416488814,5,101,2
0.8737694304888648,0.958191277385899,1,102,2
1.2720254754825593,0.8064823509870276,2,102,2
1.341187529530953,1.4348082668115762,3,102,2
1.8569474166281523,0.5679921637543213,4,102,2
2.271926776076372,0.4482669472957538,5,102,2
0.6849362148985261,1.1876865080398504,1,103,2
1.601591710554462,0.7218488478827597,2,103,2
0.7416315091253256,1.6723019333538915,3,103,2
1.7120071717772847,0.4842374391333678,4,103,2
1.8043020526348705,0.4855366709945736,5,103,2
1.1119097764923187,0.8638293431943411,1,104,2
3.22203786902131,1.0229396809641047,2,104,2
0.8384059031860236,0.9926898853483266,3,104,2
1.2198938974867723,0.4211698461381739,4,104,2
0.7021684827630983,0.40308366350229397,5,104,2
2.564089570646204,0.9637322997382585,1,105,2
4.748975088900309,0.6812833243322236,2,105,2
0.26582526377117377,0.8933398903054649,3,105,2
2.766357193906219,0.6141171573946882,4,105,2
2.2410231858632588,0.5012759055120433,5,105,2
1.7512380560101095,1.1498740122087328,1,106,2
3.1605544627650617,0.9158675033629842,2,106,2
2.3200419464877324,1.0107210437615919,3,106,2
1.4087219307946617,0.4597732047797596,4,106,2
1.4600365547307192,0.5451928005522462,5,106,2
1.1741503221203908,0.6956491699877113,1,107,2
3.24729501290395,1.0592216689124465,2,107,2
0.9118448885092824,1.6138583120814278,3,107,2
2.101607923282115,0.4716330331209995,4,107,2
2.201990740863379,0.5295077427008085,5,107,2
0.35556262781240777,1.170857381003154,1,108,2
2.546874283513847,0.7795695577886687,2,108,2
-0.11405169415768679,1.0507183256645878,3,108,2
2.1671708326188663,0.5345447573338034,4,108,2
1.4978476058791586,0.4362597653488875,5,108,2
2.333701987633372,1.6740521701474076,1,109,2
0.851785681238109,0.6753242357185701,2,109,2
0.16806486340551086,1.3630292203793024,3,109,2
1.6796574490602718,0.5397790017157927,4,109,2
1.4639112505127425,0.49386028539905336,5,109,2
2.1363431056652007,1.0523103988280695,1,110,2
3.247848585529286,0.9993220385419992,2,110,2
1.437823734098254,0.9621164439027043,3,110,2
0.7568701363866621,0.49372576520387795,4,110,2
1.5505144568042417,0.3921066410551755,5,110,2
1.1405958994200147,1.0819498862492196,1,111,2
2.3676206333576184,0.7366029492463645,2,111,2
-0.9138414915180513,1.4322196759984842,3,111,2
1.3697925862332632,0.44226573012710535,4,111,2
1.636406306447427,0.4819779430160094,5,111,2
0.6887028243364135,1.3698841123695453,1,112,2
1.7601585896263154,1.1270289087751264,2,112,2
0.8575138552737607,1.3647083458207543,3,112,2
1.608272359255793,0.5350462241394427,4,112,2
1.075018974509356,0.4218675639279267,5,112,2
-0.2397502225092003,0.7504141167045223,1,113,2
1.001372171079753,0.8348863438276534,2,113,2
0.8842962437403583,1.3429902376021146,3,113,2
1.6563839272493115,0.4565358002016381,4,113,2
1.3550636849297755,0.4702253499165843,5,113,2
0.27961786730883054,1.0851958192556757,1,114,2
2.3502691601222843,0.8876655710585976,2,114,2
2.5143715126017203,1.7253458710268668,3,114,2
1.1810062971440316,0.4630426408688653,4,114,2
1.4770509381625416,0.4464010425882302,5,114,2
0.799745025104392,0.8449072422284768,1,115,2
4.017247453800216,0.822281875797386,2,115,2
2.958619614482785,1.4752261225483256,3,115,2
1.5539400476298084,0.5537281675893045,4,115,2
0.9219128131856067,0.38084423505490184,5,115,2
1.7848562541344384,1.085370373621122,1,116,2
4.399322276536149,1.0891479271350752,2,116,2
1.01141908894409,1.2249037561080531,3,116,2
0.7405592914505812,0.5297964594313932,4,116,2
1.1196710823891545,0.4058212511064181,5,116,2
-0.044012958573961924,0.9836826906415953,1,117,2
2.412206426680794,0.7418413651603557,2,117,2
-0.1505981517757422,1.0516384685816582,3,117,2
2.15159869294264,0.5755225282345162,4,117,2
1.7032889234327118,0.42037936637864415,5,117,2
1.1192963085477436,1.06044102891884,1,118,2
2.6021497354459173,0.9115474881439097,2,118,2
0.6938075174844176,1.1521961258722002,3,118,2
0.8827059137710083,0.41888297275204206,4,118,2
1.5165539015144347,0.4286297187841046,5,118,2
1.9618873788826896,1.3048575426789693,1,119,2
1.5926559424059121,0.8027600092294722,2,119,2
0.850700963306489,0.6961392216461785,3,119,2
0.9224724061793581,0.4956104455817646,4,119,2
1.1939674893235273,0.4106750847653981,5,119,2
1.560226392202102,1.0580911479396493,1,120,2
3.112145779224498,1.0874603374894147,2,120,2
0.2850469294732405,1.0151844568348223,3,120,2
1.277137564998839,0.44844341965200973,4,120,2
1.4084834937709507,0.4815134279750388,5,120,2
0.0975130037526184,1.2431471424307992,1,121,2
1.76414549387593,0.7938336555934618,2,121,2
0.6913386422029397,1.107839454567955,3,121,2
2.184842984646676,0.41527445124713613,4,121,2
0.6908301906451921,0.4201904396027632,5,121,2
2.943953117756796,1.4647636814892981,1,122,2
3.871350301318415,0.9545781826858567,2,122,2
2.465087130135485,1.7714297254505362,3,122,2
1.1878783029201143,0.46754345698852434,4,122,2
1.1856538466921043,0.43651524942148556,5,122,2
0.08269406416087577,1.1119567883837116,1,123,2
1.9461951299080233,0.9806468656842658,2,123,2
1.0572532312355452,1.3165937614147973,3,123,2
1.1747755926302057,0.5215182043201896,4,123,2
2.315170339397888,0.5672030202673561,5,123,2
3.3706267793295024,1.6537580335878568,1,124,2
2.677703739089619,0.8516340550762812,2,124,2
0.12385201522807265,1.322171113772092,3,124,2
1.4004902840892481,0.5275373082647965,4,124,2
0.25553361347481385,0.33035572149427106,5,124,2
-0.17202136489880804,0.9159564284003704,1,125,2
2.4562617600787036,0.9950938868411275,2,125,2
0.024637193915863637,1.1207916139846046,3,125,2
1.2132884428135324,0.5053640131330854,4,125,2
1.4772500193562728,0.4201531950670975,5,125,2
1.390925560960328,0.7053416977970556,1,126,2
3.147489286283927,0.9165887753885675,2,126,2
0.8994930039351092,1.2486715031558124,3,126,2
1.9617124737434022,0.4503451500862362,4,126,2
1.0621829746997071,0.44250811172440013,5,126,2
1.1656118502659423,0.8278441024817011,1,127,2
1.854155203483765,0.9553910887080994,2,127,2
0.19326916663366767,0.6352503432582656,3,127,2
1.6011824961725023,0.6110062089561733,4,127,2
0.8961365310392981,0.42794139838324324,5,127,2
2.453314891668966,1.5655392178311847,1,128,2
2.416581183356086,0.7673559051370717,2,128,2
2.9582403527239833,1.1311343788141024,3,128,2
1.3833450752454437,0.4597345021356833,4,128,2
0.714969964973251,0.38226911449090023,5,128,2
1.8468949548663156,1.0306061486492344,1,129,2
3.166914917284607,0.8143776727655463,2,129,2
-0.14573811597049868,0.705060819167789,3,129,2
0.5633424003195846,0.41456161990680074,4,129,2
1.5400074169006612,0.40219631012743373,5,129,2
-0.13006498380042775,0.7319140195279393,1,130,2
1.9621616330431548,0.7230370331499548,2,130,2
1.888415091772076,1.3379663792646146,3,130,2
1.915461095048335,0.49194694102366543,4,130,2
1.4492328695020387,0.41225599305257343,5,130,2
1.0913887019312565,0.930461585188818,1,131,2
3.110233680766144,0.9365866937706887,2,131,2
0.7170652400784764,1.127127228277449,3,131,2
1.5329631385281006,0.4757573633219782,4,131,2
1.4315687606709302,0.3850571447982514,5,131,2
0.8477084533820918,0.9120817832780473,1,132,2
2.6170283682318294,0.817334584224864,2,132,2
1.4558876533786829,1.3764115010672942,3,132,2
1.2431550013754666,0.516446363754247,4,132,2
1.4324849312404386,0.4187251503694769,5,132,2
1.502981159235885,1.1528452444201962,1,133,2
3.71993491280843,0.8960016574602433,2,133,2
0.4252576075998036,1.3004842271414399,3,133,2
2.4848399579308222,0.5472536410022543,4,133,2
0.982864065527671,0.3607714554819188,5,133,2
0.5854200759706432,1.53272924207954,1,134,2
3.4800623697772535,1.0060199730946364,2,134,2
-0.9506414851851014,1.6837162204381193,3,134,2
1.3503363341907728,0.4989189288692559,4,134,2
1.1378735628234344,0.4775389890818996,5,134,2
1.0168274679249678,0.9098373734467236,1,135,2
2.9859875282931654,1.2113946087545757,2,135,2
1.1003230165859947,1.020320079300579,3,135,2
1.7465037157084975,0.4715243215828466,4,135,2
1.5416765405774635,0.4583973295812333,5,135,2
0.2644026967808166,0.7222377345589215,1,136,2
2.570302268149949,0.9135042622169561,2,136,2
1.5044777331397179,1.721577205715804,3,136,2
2.0858055965818374,0.4625335863730237,4,136,2
1.616355286318655,0.42838480865061357,5,136,2
3.4289901499077486,1.497942297766549,1,137,2
2.4437540120132564,0.9735463877815208,2,137,2
0.7105565943623855,0.917873438591011,3,137,2
0.755384745967655,0.4030198204694543,4,137,2
1.2727636254849126,0.4622134290000508,5,137,2
0.28691099764186356,1.1829949114149323,1,138,2
2.5786355210237155,0.8387463109757051,2,138,2
1.658335941089626,1.1542232762507052,3,138,2
1.2204657248618092,0.4859098248242966,4,138,2
1.2594118085799377,0.3918137908366947,5,138,2
1.5535400400736825,1.0613771607316027,1,139,2
1.1083058877266945,0.8193970438030256,2,139,2
0.2571009075158788,1.197122362917662,3,139,2
1.571345292891543,0.4404958725737508,4,139,2
1.692815817223349,0.42792436182365917,5,139,2
0.5526390927398461,1.0116812182308357,1,140,2
1.5245709385723183,0.8755228311032043,2,140,2
0.7365745804351862,1.1703594994813415,3,140,2
0.4912715444970157,0.41744207948138606,4,140,2
1.0561139614821027,0.4353581001138956,5,140,2
0.3891882526897166,2.604416521119781,1,141,2
1.048328882784951,0.8578774660738964,2,141,2
-1.5217865032246805,1.1779915678447568,3,141,2
1.3212663275926677,0.4668537190953563,4,141,2
1.948778564811866,0.4038835865960043,5,141,2
1.2975546011034025,1.247359878862012,1,142,2
1.6457186059099191,0.7985371847645348,2,142,2
0.797231868544525,1.344979888624798,3,142,2
1.2208592900399138,0.5442640932228473,4,142,2
1.7167111804486295,0.48965146399124004,5,142,2
1.4021070165405058,1.026688635419319,1,143,2
0.5789223783097297,0.6420802668929381,2,143,2
2.1094546521747013,1.1591087717887967,3,143,2
1.3869814270257392,0.44421594691771815,4,143,2
0.9657728958805345,0.4112565299341879,5,143,2
1.9209078687992085,1.2109949269422557,1,144,2
3.318159491852491,1.0030464326041255,2,144,2
-0.9553073675699628,1.2543674793889754,3,144,2
1.2970263834929865,0.570044771081935,4,144,2
1.1802512186889529,0.48019176625099974,5,144,2
4.875122406321994,1.1262788586677597,1,145,2
2.853790581252471,0.771966409792171,2,145,2
2.8476648789631755,2.2547759092334547,3,145,2
1.627488280825394,0.5008961498499633,4,145,2
1.2597500567703106,0.39840290804786305,5,145,2
1.7438448054791618,1.060882711433193,1,146,2
1.8598327488153177,0.7282617970412978,2,146,2
0.9764080027843032,1.064878006664967,3,146,2
1.485888481434464,0.5770686191661543,4,146,2
1.368654583365255,0.4384453959008549,5,146,2
-0.13917577340583254,1.1494503313093463,1,147,2
3.448786820301425,0.8247285470389146,2,147,2
0.14955791625306025,2.0491099887608315,3,147,2
1.428784240468405,0.48429451547848384,4,147,2
0.8403554506137714,0.42021426332831024,5,147,2
-0.4825699966813959,1.3828650037537296,1,148,2
3.131204798216782,1.0225239818116532,2,148,2
1.999460224747743,1.31913769014015,3,148,2
1.0951096095377997,0.5112706428302441,4,148,2
1.2906843731430402,0.399663665764592,5,148,2
0.9632325476427757,1.2501423580781361,1,149,2
2.5315519860878126,0.80403909870118,2,149,2
3.2347005561258317,1.3275119955285535,3,149,2
2.104863050565198,0.5643800837737354,4,149,2
1.4134599987535799,0.45476603762932055,5,149,2
0.9749546478087261,1.4443858307031814,1,150,2
3.7364325275033186,0.8659720024210465,2,150,2
1.6275380208649695,3.3680291465881127,3,150,2
1.5370053576851017,0.516179075871268,4,150,2
1.4764338303781894,0.4781052150927839,5,150,2
1.1854204373158588,0.75845555695937,1,151,2
0.9431173548180647,0.7550349946971461,2,151,2
2.083892252323237,1.2007121385578083,3,151,2
1.2180816867068534,0.44233902973293876,4,151,2
1.5332802084590886,0.3898789060803135,5,151,2
0.29244638196881034,2.4509684606927853,1,152,2
2.395989412078549,0.7554607368577747,2,152,2
0.3378885773021052,0.9519307721255001,3,152,2
1.4182464430977517,0.46892669331269216,4,152,2
1.1167959732640882,0.40110162226668133,5,152,2
3.0098870515556375,1.5146936377604843,1,153,2
2.7729602742513824,0.9475001388429426,2,153,2
0.405628724471657,1.424210040080642,3,153,2
0.43243628075975815,0.41202103913076876,4,153,2
1.2231190708460584,0.4071583172924668,5,153,2
-0.31961609408367275,0.7065665258673919,1,154,2
3.314457986022636,0.8450474793795363,2,154,2
0.8486591217849142,1.1217992061903195,3,154,2
1.0451946791605842,0.5061100956611663,4,154,2
1.9351039604009124,0.39295528072163033,5,154,2
0.921075051414955,0.8865766441926757,1,155,2
2.2908898682855017,0.7841210228378401,2,155,2
0.4126226625144467,1.223569575995981,3,155,2
1.4883549593009695,0.5119391567716114,4,155,2
0.7657107397835086,0.40041074795310505,5,155,2
0.4504160866521482,1.1007079612934674,1,156,2
3.717311346683275,0.7987893907351592,2,156,2
2.431399864847356,1.0620825151148774,3,156,2
1.2004628932084755,0.5069930523144393,4,156,2
1.4209277661198874,0.4094934365516843,5,156,2
-0.6883597796963943,1.275319955941409,1,157,2
2.768576301886136,0.8290170237671871,2,157,2
1.5934482735729842,1.2662539116067915,3,157,2
1.3941520703485786,0.48011008810114947,4,157,2
1.6830348093595298,0.4336837722147809,5,157,2
1.2502225282316228,1.4049943266300773,1,158,2
2.9256999420442265,0.7686570519049022,2,158,2
0.37655356626842007,0.9444939510493503,3,158,2
2.194272865215395,0.5014960060638661,4,158,2
2.727841290259349,0.444448237256427,5,158,2
0.8893130260795505,1.1650260591956447,1,159,2
2.6050327136145137,0.7731161865446093,2,159,2
0.4505840912470611,1.2412239764638642,3,159,2
1.1708970913968209,0.4331947241137726,4,159,2
1.8796322364107705,0.4700962608233802,5,159,2
0.24454487711334627,0.6779628138498356,1,160,2
5.8375730871915685,1.1421267312100045,2,160,2
0.1291720070212361,1.0111575329202853,3,160,2
1.808796779596911,0.45320757376834225,4,160,2
1.9744770707532666,0.43058389869823005,5,160,2
-0.4012542265740535,0.772355879972235,1,161,2
0.6032762466654993,0.7936188576657343,2,161,2
0.7801603239410708,1.2474682996128,3,161,2
1.7572194961501868,0.513886921671418,4,161,2
0.7875126204475533,0.42672982426824074,5,161,2
1.6633580385986586,1.2058823237126217,1,162,2
4.336735803093207,1.169789844729347,2,162,2
1.3024278154434397,1.5010386038205739,3,162,2
0.8719898484869923,0.5253049753148645,4,162,2
1.2675352937042428,0.3844776586049187,5,162,2
1.745037227641343,0.9148007272231053,1,163,2
3.102529811988931,1.091982968952273,2,163,2
0.6545467894286476,0.8639062676212175,3,163,2
1.8563605730236064,0.4628349888272236,4,163,2
1.110716562945795,0.4412513422903776,5,163,2
-0.03650637694068726,0.9280594591854647,1,164,2
4.189256957750575,1.2398017548649507,2,164,2
1.1514939419796266,0.864850683908801,3,164,2
1.3204441288805087,0.5067314404965566,4,164,2
1.4617778358321756,0.4786463576371704,5,164,2
-0.13371548323503113,1.04182744056206,1,165,2
1.7440079760038265,0.7699049694358246,2,165,2
0.3987571445190481,0.9932741804429304,3,165,2
1.2089774366191712,0.4953061931066024,4,165,2
1.9848320771044485,0.5256601908079913,5,165,2
1.801714472373626,0.8606688122279107,1,166,2
2.0406112483386423,0.9819817507369251,2,166,2
0.6412025047395975,1.7271423883414923,3,166,2
1.254384255480041,0.4509099705852505,4,166,2
1.078776083122711,0.4394316512336765,5,166,2
1.077858928474697,0.7731253511929215,1,167,2
10.86427521415122,1.5847229118523245,2,167,2
0.36440775682957227,0.8210717114493776,3,167,2
1.9904942340825813,0.6266416594399338,4,167,2
2.037911046536135,0.5029738205820143,5,167,2
-0.9528503251235749,1.507367173002876,1,168,2
2.518946371175938,0.739063126887172,2,168,2
3.4147895780408275,1.0973989621414588,3,168,2
1.186320432289004,0.4452538902339981,4,168,2
0.5718312367333516,0.4047170322191036,5,168,2
1.843927118573724,1.2026300456944299,1,169,2
2.670724477720555,1.0844904352594043,2,169,2
-0.31348783932941204,1.8458327273336412,3,169,2
1.457052829784896,0.5346195135579229,4,169,2
2.008473332371167,0.4319618464457303,5,169,2
1.048948723808823,1.5038880496192262,1,170,2
2.911831752301708,0.7888777341282499,2,170,2
1.8938809661202263,1.106297458607082,3,170,2
1.2932827779982978,0.44645435213739704,4,170,2
1.1969943255338231,0.44598561356591965,5,170,2
2.64222241064575,1.3438018166152683,1,171,2
3.0354030808167733,0.970479079650246,2,171,2
0.7191110161509044,1.2995415593915682,3,171,2
0.9856723287749176,0.548545275507458,4,171,2
1.1511880086835364,0.40437766379505474,5,171,2
1.554401352951016,0.9909324722976084,1,172,2
3.9795349293366593,0.8726375829412525,2,172,2
2.3807890771640965,1.577542678188574,3,172,2
1.7415921215676131,0.44493286450786224,4,172,2
1.784404060195488,0.3997597334274216,5,172,2
0.37954492243919313,1.4500408820727273,1,173,2
2.5280941211363896,0.9683457763267458,2,173,2
0.3517689772740268,1.0054239732653,3,173,2
1.0687063542636812,0.4922953253806986,4,173,2
1.3839068601027948,0.4617123009975476,5,173,2
-0.24204400177617846,1.108814155871002,1,174,2
2.146089901749077,0.8558330256792446,2,174,2
0.7452429173918425,0.8508190782271378,3,174,2
1.2253021656023169,0.472640585392896,4,174,2
1.537549897176775,0.5231597318175736,5,174,2
1.370185272595029,0.8351022565041021,1,175,2
2.363168650387259,0.7629439763522179,2,175,2
1.2528516917293073,1.2110698970313716,3,175,2
0.8153953068511113,0.4849203729023211,4,175,2
1.2276256364666898,0.45154244254250536,5,175,2
4.982579828783126,1.5785417382381923,1,176,2
3.88746130882532,0.78859322645669,2,176,2
0.3805217509850287,0.9084269033190383,3,176,2
0.9745723496010332,0.4700982777832896,4,176,2
1.1078886631706508,0.41826909634383114,5,176,2
0.592378292564359,1.429658083299621,1,177,2
3.178414383180756,1.0673218765809915,2,177,2
0.2765510569260332,2.6361942765914606,3,177,2
1.4860259279987909,0.4897976954166375,4,177,2
1.6396560379980007,0.4225641428929327,5,177,2
0.39457312253317234,1.3660807615269854,1,178,2
2.9871132096405404,0.9280404932393321,2,178,2
0.951160369032737,1.5122715931036101,3,178,2
0.6778687405588606,0.402997613695606,4,178,2
0.7454368770450372,0.3984839644636706,5,178,2
1.1804135094156747,1.0522328190847428,1,179,2
2.959685501357912,0.9876869977594935,2,179,2
1.038131217662,1.195883353091642,3,179,2
1.7197869086177242,0.5356800526127568,4,179,2
1.5555964907601791,0.44505172346628363,5,179,2
-2.7569367846095814,1.5682963046561522,1,180,2
3.4116457453803393,0.9199630224740224,2,180,2
-0.2374783660576778,1.2000989192272895,3,180,2
2.1991291980232806,0.44142931670147645,4,180,2
1.3623058643358101,0.4115947351494131,5,180,2
0.5253188592893085,0.9045861471291489,1,181,2
3.006375328431188,0.7074378284202887,2,181,2
0.9784560708797831,1.029824910318882,3,181,2
1.2689405658387036,0.4812815659189803,4,181,2
1.251372714490322,0.39354416587105195,5,181,2
2.670996000249019,1.4304129127130203,1,182,2
1.429174788527178,0.9874030629432339,2,182,2
1.5311296565717,1.1761187401493893,3,182,2
1.6943183417628038,0.5154405996699746,4,182,2
1.203174930423125,0.4365442761840869,5,182,2
0.7015126374486265,1.11416463877756,1,183,2
2.890109207525107,0.9998413690958036,2,183,2
0.6382887118257461,1.361882757739212,3,183,2
1.2314753473528453,0.5151978144407584,4,183,2
1.693920089363981,0.46968432573186386,5,183,2
2.419262704106562,1.067900283928548,1,184,2
3.93113401473708,1.0644982856500362,2,184,2
1.7328404888106343,1.185043761981847,3,184,2
1.0952431348597331,0.5166538953236751,4,184,2
1.4227995394683353,0.4829400855855293,5,184,2
1.5318049634186277,1.4484956541318432,1,185,2
3.4576309406643864,0.7431728664987212,2,185,2
0.28194419279880556,1.06696814601364,3,185,2
1.363951413140681,0.48675560272904184,4,185,2
1.8120494803998715,0.4269431006558257,5,185,2
1.2306813249181108,0.8731690201029836,1,186,2
2.5753099697500375,0.9768495793468802,2,186,2
0.8775061221436546,0.9725978827429516,3,186,2
1.1373406509275164,0.4742851491312905,4,186,2
1.949778173259646,0.4999448572614527,5,186,2
-0.3053335902454366,0.795922357353136,1,187,2
2.9810253836319847,0.8867841610143598,2,187,2
0.6937392239619831,1.4334401918435407,3,187,2
1.2008228439264022,0.430218753487086,4,187,2
1.6186269322833318,0.5189514370178557,5,187,2
2.948130835993805,1.3401646343984908,1,188,2
3.210250812801106,0.7301144329663133,2,188,2
1.4966150316250375,1.4768373508453918,3,188,2
1.0992320833329452,0.5122765755718188,4,188,2
0.9826175217630015,0.4256746601026682,5,188,2
0.5874582412867242,1.3501093924309286,1,189,2
2.8383600662219317,0.8212206395043069,2,189,2
0.018843038075083918,1.3159186452937852,3,189,2
2.2806868735032855,0.4749013621442961,4,189,2
1.511021472978495,0.4619443253956058,5,189,2
0.7118189250943674,1.246100421741702,1,190,2
0.7393209850785256,0.5759115002259082,2,190,2
2.9478965614323425,1.6766240292317975,3,190,2
1.1540688129157437,0.46878178537572635,4,190,2
0.9432075674349703,0.4061166890195229,5,190,2
1.1015757889789688,0.9852831198608151,1,191,2
5.012764238008615,1.5212583491741614,2,191,2
1.164910112145504,1.3357864435471771,3,191,2
1.6272025225875293,0.46190339499584,4,191,2
1.7419398614597141,0.47895753031212396,5,191,2
0.19382312131710022,0.7063528112560004,1,192,2
3.9632167530934974,0.7629257778794593,2,192,2
0.7003717658567927,0.9789647317123675,3,192,2
1.1485036487060687,0.46215352094414386,4,192,2
1.4628535167580288,0.4316428412854549,5,192,2
0.8064937416274511,0.919394296082869,1,193,2
0.2907374928813078,0.6594530318419674,2,193,2
0.4057123215335494,1.1187604598174083,3,193,2
1.0778088745781904,0.5163630512113454,4,193,2
1.4722286247423932,0.44086922096374465,5,193,2
1.2610548786712639,1.0419878861943377,1,194,2
3.954111565513122,1.1257415302311933,2,194,2
3.3770285259923236,1.9253928076905327,3,194,2
1.6532990934461793,0.5965751345192766,4,194,2
0.42237552599981143,0.37499896379987663,5,194,2
1.1390213923284374,0.8204586894880893,1,195,2
3.7232319320808855,1.0425259034912548,2,195,2
1.2692347768505403,1.2238427091844206,3,195,2
1.590411461111644,0.5009563761420671,4,195,2
1.4327509199455153,0.501841717915791,5,195,2
1.8391504743899252,1.1043204042687156,1,196,2
1.788761491411992,0.861631551564401,2,196,2
2.6472224872744476,1.5499196595296034,3,196,2
1.703279084017537,0.47953289121971365,4,196,2
1.504449769076877,0.47143645937763107,5,196,2
0.343095227722352,0.8559302440500113,1,197,2
3.5082943820452366,0.8542123579947756,2,197,2
1.1238108650013148,1.4399883580185755,3,197,2
1.0992667152877025,0.5268891039138464,4,197,2
0.980696185008787,0.4292014193580204,5,197,2
1.2073139963991726,1.2469977848507487,1,198,2
3.663058727677569,0.8565693459415847,2,198,2
3.3395740305313937,1.32942632759579,3,198,2
1.1988767487968985,0.4180175428063545,4,198,2
1.1519145222494451,0.4452317859810202,5,198,2
1.2081962475268622,1.645687509899898,1,199,2
2.0829131755630153,1.602100099548231,2,199,2
0.717513200782621,1.0368734038841378,3,199,2
1.8378414529918663,0.5124030247490821,4,199,2
1.5386606812638144,0.38077244649979985,5,199,2
1.0339523733455827,1.3185526762408557,1,200,2
2.7591887789098846,0.9849111059122879,2,200,2
1.654447461365049,1.238186172534062,3,200,2
1.615184515198779,0.5588298001129828,4,200,2
1.8541233816237321,0.4780995153186929,5,200,2
1.3347474535657344,1.8062902241632042,1,201,3
1.0441051303858613,0.7779686980131431,2,201,3
1.078950690496916,1.0306952654411843,3,201,3
1.6067120765246652,0.5004058068442467,4,201,3
1.792402701790874,0.46435430889643514,5,201,3
0.6504553015805201,1.3606692441790105,1,202,3
0.8751330217666871,0.7035611309464158,2,202,3
1.9349472653379776,1.3506467390749126,3,202,3
1.4453671556848176,0.4938607994780434,4,202,3
2.3931082696098103,0.4255471696302405,5,202,3
0.5779833927091942,1.0900373077573566,1,203,3
0.7092521845710729,0.8334074110909416,2,203,3
0.2052265882693165,0.7949387689463097,3,203,3
1.0061295679039177,0.43565721768973337,4,203,3
1.8319818485563055,0.4804556799786022,5,203,3
0.17098930041747962,0.7604339924340355,1,204,3
0.9768753780792068,0.608114328138168,2,204,3
-0.018293211702149037,0.7568592555281052,3,204,3
1.2837454726138233,0.5322710127120325,4,204,3
1.9024378740434216,0.5650273938657048,5,204,3
2.253540339171891,1.7230119180685184,1,205,3
0.7311780739955323,1.0767156499564363,2,205,3
1.6371288896597775,1.9401925764227257,3,205,3
1.4195840846593009,0.4435994284977363,4,205,3
1.864573905476301,0.37358637760866353,5,205,3
0.5820680778629042,1.2739931332281553,1,206,3
2.0759717431078606,0.7462599185839225,2,206,3
0.5022347440420193,1.7170168212106003,3,206,3
1.6195883022414677,0.5558123413943568,4,206,3
1.7998980353289573,0.4120217943259748,5,206,3
0.6453648316233371,0.8075383986338954,1,207,3
1.4262652351754292,0.8537627418773714,2,207,3
1.4260615218736152,1.057003044272243,3,207,3
1.0751850075731033,0.5237533980759667,4,207,3
2.0693251892559723,0.41751397010794605,5,207,3
0.02124392669760433,0.9155902793526607,1,208,3
2.2962380985296775,0.7689259212589664,2,208,3
2.6723724914478457,1.4697989962709073,3,208,3
0.779684452086054,0.4691821340978755,4,208,3
1.83171018459762,0.5154430528350445,5,208,3
-0.7267047637619624,0.794049101207351,1,209,3
2.4758376054327913,1.0964178179402997,2,209,3
1.7109982930336796,1.428244632731733,3,209,3
1.7723082885684853,0.42683690404793345,4,209,3
2.6588941642363215,0.4991704042582304,5,209,3
0.5763682879021812,0.8535603907340393,1,210,3
1.5040733926083591,0.9069756579895796,2,210,3
2.2249850275572665,1.1277109816502533,3,210,3
0.9161581485056711,0.42534595255417096,4,210,3
1.801850560517479,0.40257988609325435,5,210,3
0.018186966007714744,1.0628313361801769,1,211,3
1.6645129573136197,1.0562326676095433,2,211,3
0.7395593105063805,0.6494881158412441,3,211,3
1.5088365744746355,0.5376152690308963,4,211,3
2.386453170162216,0.47120185862870007,5,211,3
0.777781427075003,0.9427460336770782,1,212,3
0.26330667832057353,0.6988079808007567,2,212,3
0.2522231692201018,1.3380440331738455,3,212,3
1.3832472829279188,0.4873208661336953,4,212,3
1.9665897882429935,0.4023647012111127,5,212,3
3.6742994718557327,2.8118910614264787,1,213,3
3.303361247783746,1.1470365447142477,2,213,3
0.8595925072829154,0.8555934048226389,3,213,3
1.375820674317184,0.5032602372983065,4,213,3
1.0350725934727758,0.4282022703019713,5,213,3
0.24690363858726805,0.7956028684627741,1,214,3
1.0420083447834028,0.9253661575337851,2,214,3
4.952746030619771,1.5419481780202096,3,214,3
2.2912347378664597,0.5723083545847343,4,214,3
2.3076907833089706,0.5164639740618369,5,214,3
2.7253598882788874,1.3403284269039686,1,215,3
2.126749166436183,0.9393098249855358,2,215,3
0.07913368392240017,1.1428914396671792,3,215,3
1.4798052209090038,0.5024987526248137,4,215,3
1.6849249400163067,0.44874543390184335,5,215,3
2.6842127866952294,1.1442254815452277,1,216,3
0.11672238728633832,0.6902206843327418,2,216,3
2.7804802051096327,1.3453956405902965,3,216,3
1.3380668712478978,0.4851909310693955,4,216,3
1.5687283251819544,0.3656944378926084,5,216,3
2.485069551115014,0.8104302260139348,1,217,3
1.4115982872520902,0.7232198415660348,2,217,3
1.0836563518913014,1.2757023616705172,3,217,3
-0.06951376630303852,0.3961509155889092,4,217,3
1.8135114165100923,0.40384063763227857,5,217,3
0.5947744704727302,0.586635033729619,1,218,3
1.054758656583247,0.7842672524226353,2,218,3
7.496042034426138,1.9835710640640383,3,218,3
1.0152381813543254,0.5256357853988174,4,218,3
1.7265267454443043,0.41730124331280594,5,218,3
1.8898478224364696,1.1569377578475153,1,219,3
0.7421862813659112,0.9525150870786963,2,219,3
-0.08171067162530932,1.1417879661407873,3,219,3
2.126760610525214,0.5575013039758462,4,219,3
2.7352287810223,0.416871919251475,5,219,3
1.9452502390988506,1.3044502933389577,1,220,3
0.8344696745211486,0.6710376418262365,2,220,3
0.313587521448079,1.226790255686537,3,220,3
1.705516814930466,0.46787772921725573,4,220,3
2.194987292202575,0.40149200325480106,5,220,3
1.099792083474004,2.541134451479344,1,221,3
-0.035250489790215944,1.608714077429386,2,221,3
-0.1153832391770746,1.017955848889423,3,221,3
0.46562356823877105,0.4277833778600264,4,221,3
2.0494905401788066,0.4027722120495705,5,221,3
1.0892729260092695,1.0033388606536344,1,222,3
1.1474066239468694,0.8266058052455696,2,222,3
0.5345216360253282,1.2487415302112994,3,222,3
0.7303120275208634,0.3659575259121405,4,222,3
1.9844230054388574,0.4089499046857411,5,222,3
0.06982257820287607,0.6606151903282602,1,223,3
1.1857716090066743,0.7161586317267831,2,223,3
2.521406328683098,1.133727590022172,3,223,3
1.4206143764842318,0.4677889144035615,4,223,3
1.893360019551206,0.42811295596472754,5,223,3
0.5486055083462933,0.8484734191241798,1,224,3
2.5778277665467506,0.9567364094422014,2,224,3
-0.18792286099829925,0.734934584027148,3,224,3
1.962535157952256,0.5321297971536979,4,224,3
2.599321042516912,0.4856959690136962,5,224,3
-0.4449054453262855,0.6885772705917709,1,225,3
1.3508767420569057,0.8709688773256246,2,225,3
1.8048905934059114,1.196862434025216,3,225,3
1.9479601853100736,0.48104550270874197,4,225,3
2.6276996779139292,0.44215151577633727,5,225,3
2.138286808523079,0.8736298981728764,1,226,3
0.2559035217311765,0.6671931936203217,2,226,3
0.933673708244501,0.821039439895064,3,226,3
2.0074194716474536,0.5379605501685768,4,226,3
2.2788352318709113,0.5078898211534424,5,226,3
1.5220996129223465,1.6186413927433076,1,227,3
-0.1288630812631606,0.7620173108900125,2,227,3
0.4143229155306032,1.6663605352720645,3,227,3
1.1375129549894338,0.4999639424061206,4,227,3
1.576646196707467,0.42002412478134205,5,227,3
0.5376146148289589,0.8324165665552551,1,228,3
1.5897206122824872,1.0622575771985672,2,228,3
0.3411205569378448,0.9588062429448749,3,228,3
1.1374805159013146,0.5017955972570227,4,228,3
1.5144706582562608,0.4497743042577899,5,228,3
2.634958147137702,1.335610782332514,1,229,3
0.5144497047232508,0.7217373809209009,2,229,3
0.7398930819082565,1.0164491866217737,3,229,3
1.4363669647411341,0.5288107142345869,4,229,3
2.399041163575116,0.44400605625117223,5,229,3
2.156158664691775,0.9629331694187223,1,230,3
1.076302093539729,0.7568395173409683,2,230,3
1.2802007689937165,1.3930134313105784,3,230,3
0.7512787129854557,0.43362020161884834,4,230,3
2.0554237180239285,0.45536806164134364,5,230,3
1.7015348863762894,1.0317316425453156,1,231,3
1.245490489051678,0.927298912324493,2,231,3
1.5194915066020713,1.2157625874488491,3,231,3
1.6821344675919092,0.5031316194615543,4,231,3
2.2263327243457103,0.4228520650017568,5,231,3
1.5541188257643785,1.0006059052826555,1,232,3
1.9211123751743626,0.7696655025779677,2,232,3
0.778751090881765,2.9976833361056694,3,232,3
1.569606761331654,0.52694439771868,4,232,3
1.8769451942055602,0.4163129677876943,5,232,3
0.3883759507800977,0.8419150235781879,1,233,3
2.4737502244848377,0.8348031681353596,2,233,3
2.055156092291819,1.348587436023757,3,233,3
1.478116571762624,0.41705714129011934,4,233,3
2.0457832238008087,0.39609775014139725,5,233,3
0.9908023644465889,0.8491957012120761,1,234,3
1.629467183684758,0.9261532929927315,2,234,3
1.4031436439796168,1.0924677279551207,3,234,3
2.3802598102166206,0.5745216033219989,4,234,3
2.141239448194215,0.4347242052829954,5,234,3
0.30635447214275535,0.9657442712297791,1,235,3
2.1663908479770995,0.8502941728170932,2,235,3
5.268142548526322,1.765167023462617,3,235,3
1.6759977646738333,0.5458543719653892,4,235,3
1.4769790600695591,0.3594798799953952,5,235,3
0.8601560929871666,0.6945194322911987,1,236,3
3.071186281233008,0.7948816773068351,2,236,3
-0.20388905491192688,1.3710651552493591,3,236,3
1.77027792812946,0.5335470641622027,4,236,3
2.9868842485005267,0.4761069539607626,5,236,3
0.28414358273857365,0.9097477459031736,1,237,3
2.2869333568628583,0.8255936042576495,2,237,3
0.3083671063113025,0.6352003739375395,3,237,3
1.3162188109740414,0.45428746305634654,4,237,3
1.6261846634428947,0.4601577341632523,5,237,3
4.483387121273257,1.253151509037287,1,238,3
0.1390289370579918,0.8221770464980872,2,238,3
3.3802688427358607,1.1780122768250874,3,238,3
1.9961255712801096,0.5077373122684452,4,238,3
1.9917606251205053,0.4370558979408282,5,238,3
1.1607362213438774,1.2315862442573722,1,239,3
1.834133958923847,0.7574541681974186,2,239,3
2.4513975944517403,1.3570827522459508,3,239,3
0.9175461315589146,0.5267801636177311,4,239,3
1.342235521001606,0.43533647224887567,5,239,3
2.6196393154264204,1.4448277603997257,1,240,3
2.1214727292360855,1.0896603258411328,2,240,3
-0.5815734926619416,2.766850653712979,3,240,3
1.4774193208308062,0.4892467710739354,4,240,3
1.9561612716518884,0.4291926974494296,5,240,3
3.8229465576292903,1.2484882515469031,1,241,3
1.2335751136835906,0.6930762518705558,2,241,3
1.2055533510993532,1.2892143433538805,3,241,3
1.232581560680674,0.4989911577172158,4,241,3
1.5975109114885497,0.3995782123141458,5,241,3
-0.2865592297016091,0.6872968394634534,1,242,3
2.0201123704021153,0.8447982284140064,2,242,3
-0.5701260831769295,0.859403477389296,3,242,3
1.155400412612547,0.5234863653913789,4,242,3
1.2558985638370386,0.4365173744805303,5,242,3
2.110056039046389,1.66175181664989,1,243,3
0.6528379860319475,0.8621838361282543,2,243,3
1.2629013314674848,1.2015197121605616,3,243,3
0.48910124794550525,0.3481214905006772,4,243,3
1.8482727590280335,0.3995994612916234,5,243,3
0.12255202668133247,0.6451838728724603,1,244,3
1.3692057725625584,0.7960825033747772,2,244,3
1.4298404518016001,1.0907060133684972,3,244,3
1.4394068458436209,0.5103863002090429,4,244,3
1.5564518250375219,0.41976300701745367,5,244,3
-0.7726032668046185,0.8055754851283028,1,245,3
2.1936826659658966,0.9802409659284158,2,245,3
-0.20142592093541745,1.0463108528353757,3,245,3
0.867332042763092,0.48273192482275634,4,245,3
2.1622961191697714,0.43836988574438573,5,245,3
-0.3177033598745487,0.7943239693024682,1,246,3
0.9139553222428742,0.7942346863218972,2,246,3
-0.44016394136653325,1.1623858401545426,3,246,3
1.0796000280382936,0.619514655518236,4,246,3
2.5604676054113975,0.44628870274382987,5,246,3
0.8982917679327773,0.8814846275840549,1,247,3
1.0927490281364536,0.725741711445817,2,247,3
0.048991492329386044,1.2727022626626308,3,247,3
1.5977857826087214,0.5195752371874542,4,247,3
1.5713706680055948,0.4525326581845567,5,247,3
2.744266807161843,1.1266651962972325,1,248,3
2.091234538641604,0.7888507365993915,2,248,3
4.064902517874528,1.5542541262540563,3,248,3
0.8243821971892662,0.4751282751015567,4,248,3
2.0679395107686234,0.4606177922918077,5,248,3
1.087535219965193,0.7731919449838208,1,249,3
1.3148524101970542,0.8382449359727522,2,249,3
0.573675123028762,1.2545483402633804,3,249,3
1.2225959099910875,0.49630060357366745,4,249,3
1.2776519879339254,0.44161409350142783,5,249,3
1.276517792078347,1.378089933411412,1,250,3
2.787831683354158,0.7766256643651461,2,250,3
2.2018987024807934,1.3279701625844007,3,250,3
1.4716124838545048,0.47973960196989507,4,250,3
1.8930633812419622,0.4357859204730575,5,250,3
0.42421996918874205,0.6519240697192853,1,251,3
3.032407093376422,0.8631003742511555,2,251,3
1.1951385126021998,0.9912066866282245,3,251,3
0.7349906282862242,0.5130394803945382,4,251,3
1.895457503882632,0.4074173056843237,5,251,3
0.9294919769979133,0.9392397982471656,1,252,3
1.0648080170935372,0.9196491018699323,2,252,3
1.5159064583796065,0.9675879273022178,3,252,3
1.964257235436373,0.4411681009759208,4,252,3
1.9709640723415869,0.42577145056583904,5,252,3
0.8013135455286213,1.0048331217975808,1,253,3
1.3580558794396813,0.8623847452753881,2,253,3
1.6615619303961975,1.3833822218433238,3,253,3
1.1559370635906834,0.4384892695742615,4,253,3
2.13226494122907,0.42317293046794674,5,253,3
0.04971066250077527,1.3400348153359845,1,254,3
0.5904897797596484,0.6972000063522833,2,254,3
1.251371939901687,1.6333644818521067,3,254,3
0.804397377035067,0.5806441443542706,4,254,3
2.500385501223043,0.4545823811692736,5,254,3
1.003786432026517,1.1147172452953407,1,255,3
2.1878174122304164,0.945094796863358,2,255,3
0.12275204685695007,1.0550156401583117,3,255,3
1.5157815859575292,0.5498965076113502,4,255,3
1.7816097684693908,0.4362713414109856,5,255,3
2.8818466425382496,1.256516713475291,1,256,3
0.002024596738669615,0.7841218476918616,2,256,3
2.078995087868738,1.172744367017553,3,256,3
1.6440139508349927,0.4936492787867358,4,256,3
1.6905961858772431,0.38662693826671485,5,256,3
0.6903654966450459,0.746895092087791,1,257,3
0.5230345257705022,0.6239269346923372,2,257,3
-0.3217178973098611,0.915429257765149,3,257,3
1.9218319870886793,0.4876819453252565,4,257,3
2.646887790042771,0.46094612858437084,5,257,3
1.402745952726642,1.1781569896277662,1,258,3
0.17841946504587902,0.703859951409722,2,258,3
0.23152837466335008,1.4363418889029822,3,258,3
1.6617529729119425,0.4972798202740691,4,258,3
2.0244942465549007,0.45903614726744657,5,258,3
1.9060920086521653,1.3323273794984247,1,259,3
2.5746024992383343,0.9030323866775178,2,259,3
0.0675311072738034,0.7211557759988222,3,259,3
1.7706177058067625,0.5457804873101586,4,259,3
1.8016630533163664,0.4033329636282887,5,259,3
0.23665188361028378,0.6344851017076915,1,260,3
0.5600894268906216,0.7740446861900457,2,260,3
2.1841866502060587,1.6257399091452671,3,260,3
1.8338087482106178,0.5031666282683116,4,260,3
1.9200443590492942,0.44155268269112746,5,260,3
3.3596937843193695,1.1435479555009804,1,261,3
0.9481892857478963,0.8580102852308529,2,261,3
0.3402791077511007,0.9755395856177791,3,261,3
1.4957239848397288,0.4973677327033453,4,261,3
1.8226202311473014,0.38488213311044994,5,261,3
2.569681965663535,1.0766886977848862,1,262,3
2.860591421824994,0.9994375083921717,2,262,3
0.3242191378546515,3.7187604332770885,3,262,3
1.1748442350077672,0.4647204659148532,4,262,3
1.7766023747979123,0.46917273023089223,5,262,3
1.8571847495484781,0.957246060214315,1,263,3
2.1082867021289076,0.6989861870600363,2,263,3
0.699511799319863,1.264315658889457,3,263,3
1.4192170947827072,0.4295227554897381,4,263,3
1.682433695875737,0.4431978922030094,5,263,3
0.512892249072773,0.7651801077971051,1,264,3
1.6540810718374894,0.8185144890014322,2,264,3
1.4259473272807228,1.0189153831207738,3,264,3
1.0602634661508579,0.5092545950634738,4,264,3
2.094508099819729,0.4518087529213426,5,264,3
1.515014252202434,0.9128753371887134,1,265,3
0.4493517656852779,0.6719212821997129,2,265,3
0.7094342230817765,1.512301356648943,3,265,3
1.1091012143119028,0.46042477899045103,4,265,3
2.046923345465138,0.4850719887651864,5,265,3
0.20330387973669506,0.8272893721366162,1,266,3
1.3908773469887343,0.921804426645834,2,266,3
2.1138433448834566,1.0772393382173824,3,266,3
1.3272198409831737,0.4428905862381697,4,266,3
2.5551118268478468,0.44662495724370566,5,266,3
1.4156296075185604,0.9765355077691672,1,267,3
1.2378297732939445,1.0271971876516808,2,267,3
-0.293655592797899,0.9426177974761947,3,267,3
0.5734587255278454,0.4175248762634817,4,267,3
2.4274787352327167,0.4265220608620466,5,267,3
2.314519722909766,1.4533488390729725,1,268,3
1.0446900483109047,0.8715802829169085,2,268,3
2.1883769186057753,1.4265412920373295,3,268,3
0.5350241862520182,0.4662493251713702,4,268,3
2.522123431755851,0.45781673664799466,5,268,3
-0.1113145614703619,0.8759793172771174,1,269,3
0.0367280159365988,0.5691171018104381,2,269,3
1.5249481473812547,0.9126007865357776,3,269,3
0.7712678275754183,0.39456455543226526,4,269,3
3.1080788071665832,0.5159412176114472,5,269,3
0.16306192069045833,1.1906703570592847,1,270,3
1.3338828294632465,0.8682062902747152,2,270,3
1.3201243345030562,0.7662583463500784,3,270,3
1.6354037077067964,0.45323854759306054,4,270,3
1.8089273786237579,0.4229087158015246,5,270,3
0.5452988557506624,0.7566637930318484,1,271,3
0.637876376552148,0.610627111565653,2,271,3
-0.02594346800202718,0.8906490867769457,3,271,3
2.0138579305096598,0.4345258243140995,4,271,3
1.824991867957292,0.3952702284878721,5,271,3
1.6843166878311182,1.0664962970775806,1,272,3
1.8102693112598973,0.8093866819915193,2,272,3
0.34196215431388044,1.0394880603295733,3,272,3
1.386805540177095,0.46135201657876,4,272,3
2.5978571526891803,0.4681758527060185,5,272,3
0.42847621151252424,1.3432092244603984,1,273,3
0.6303259512120531,0.6268318848016368,2,273,3
-0.3255271841566145,1.016852538434193,3,273,3
1.8443575933181826,0.46250763130570477,4,273,3
2.0724259562627236,0.3710679257056394,5,273,3
0.3933793478153267,0.9458576632192335,1,274,3
1.8213629095501171,0.9787631614651331,2,274,3
0.6556722646229254,1.0977633818987498,3,274,3
0.5847891439225004,0.4603228695013751,4,274,3
2.786909534942726,0.44558706765018635,5,274,3
-0.08986364189416252,0.8232755832548788,1,275,3
4.925436159902399,2.2844939738758008,2,275,3
0.6594409200548133,1.0372491723693567,3,275,3
1.4297333771059262,0.45813836283153536,4,275,3
1.4975958844788604,0.4129875533919303,5,275,3
-0.20956425588342675,0.8526105459357117,1,276,3
0.8607997192095369,0.8014221886660672,2,276,3
0.3709850254471383,1.3899777812222303,3,276,3
1.347936897115039,0.49382775329641854,4,276,3
2.3798348836243646,0.42908526159672333,5,276,3
0.9797231115312126,1.2387321195864578,1,277,3
0.5620894109486034,0.6374552765017242,2,277,3
0.1629924955538229,1.810287472935163,3,277,3
1.2850387481151744,0.5318160163047717,4,277,3
2.6297734684670435,0.40482715501248406,5,277,3
2.121709113214718,1.4458996567335551,1,278,3
1.005722662355657,0.7737254499362264,2,278,3
3.14792112187048,1.3685208932448039,3,278,3
1.748679846129133,0.48070158698291465,4,278,3
1.3626284050558928,0.400737988613668,5,278,3
0.8221929157781722,1.4492334721921543,1,279,3
1.0409930720413993,0.7082392883614749,2,279,3
1.2490527410780716,1.2695557124225443,3,279,3
2.3293009485912113,0.4903307585130832,4,279,3
2.5126391924200955,0.40100319268754514,5,279,3
1.146264951270583,0.7704173602796102,1,280,3
0.17660326796657655,0.6601059936998943,2,280,3
0.2812113128384137,1.6906937979018273,3,280,3
1.8565129683110748,0.46425154270961244,4,280,3
2.1336102468927236,0.4372070612442992,5,280,3
2.6150749385513468,1.604607062560189,1,281,3
0.8995138698873029,0.8413081310432193,2,281,3
1.653445755764353,1.2662823130317487,3,281,3
0.8849669344818403,0.4391638323104793,4,281,3
2.6345038481592784,0.43435967009992194,5,281,3
0.962058927330049,0.9749994154037177,1,282,3
0.7888032509627121,0.702517130752452,2,282,3
2.4734581964517037,1.5335237700614315,3,282,3
0.6062031770768428,0.42058379134429935,4,282,3
2.4706396358720246,0.44452620377935376,5,282,3
0.8140279672923061,0.8692197247724351,1,283,3
1.0133061545099187,0.9485640684632917,2,283,3
-1.1762655020043582,1.435014982325772,3,283,3
1.715528542632458,0.48205031923893643,4,283,3
2.5919519301924683,0.39798903045357314,5,283,3
1.012822299782449,0.8534062236409649,1,284,3
-0.17908764073537142,0.6542853202046107,2,284,3
4.026211900578751,2.4112053744075896,3,284,3
1.9535556708284219,0.4628482257310737,4,284,3
1.9702360363518374,0.4251787781264739,5,284,3
2.179173045651534,1.7824289087066232,1,285,3
0.4695880528958085,0.583820970275528,2,285,3
2.3252885891994843,1.3382161242643456,3,285,3
1.2502548024689966,0.4316126189434006,4,285,3
2.383245970476884,0.4279956930745815,5,285,3
0.8757289934106823,1.4930590263779449,1,286,3
1.6419631378123176,0.901489103024646,2,286,3
3.969343733984138,1.2830955182395378,3,286,3
2.123364887895131,0.8047180759652288,4,286,3
1.9956498591734357,0.4216758697550416,5,286,3
1.6571750550505457,1.0668654237228057,1,287,3
0.3883961816175274,0.859897857565196,2,287,3
3.5511605727758178,2.9798073849997273,3,287,3
1.4449708199696012,0.5408384619566141,4,287,3
2.807416113718232,0.42738052972382073,5,287,3
0.28167403788817413,1.0014040046233101,1,288,3
2.426896022530547,0.8076979832132306,2,288,3
0.8988944687269866,1.3131277419296392,3,288,3
2.2507484990059456,0.49166984700475863,4,288,3
2.113006887681796,0.43108028815068267,5,288,3
-0.463100694802526,0.9178948259629885,1,289,3
1.9885363478152462,0.8979343072308228,2,289,3
-0.6227623461260152,0.8682050386378924,3,289,3
0.9061965878247964,0.5598804953367345,4,289,3
1.9194370685119195,0.36748012853970696,5,289,3
0.9084864371376966,0.7711619113665384,1,290,3
0.6746448626170993,0.8091936646485435,2,290,3
0.2010579878425589,0.9485938117938107,3,290,3
1.2732661456128818,0.5270570234512293,4,290,3
2.8856934184481364,0.4120323993539505,5,290,3
2.6596957029635564,1.4849239232187026,1,291,3
2.1272109274752125,0.7534508954061848,2,291,3
0.9754482742678241,1.4464457681895655,3,291,3
1.4003457463575697,0.7095444681507646,4,291,3
2.192432640216669,0.4660245955892539,5,291,3
0.5719920056488439,0.7946392863466522,1,292,3
1.6487654075703513,0.8772799879176526,2,292,3
0.6156658763223439,1.444291690954215,3,292,3
1.2608787310231278,0.46945890237652804,4,292,3
2.468821972062135,0.4402472703539731,5,292,3
1.6068220663617545,1.6153021909605112,1,293,3
1.8287511509738357,0.869024384799544,2,293,3
3.7509594389167407,1.2638143046495456,3,293,3
1.1250418219390945,0.49621299328957763,4,293,3
2.7926386006461246,0.5877273656277621,5,293,3
0.5432740101518094,0.7350807907995468,1,294,3
1.7232558399753994,0.9436127766859298,2,294,3
0.4025201962106193,1.721808924336289,3,294,3
0.5362089552295854,0.46805368414172405,4,294,3
1.5859899759395004,0.4022582319985605,5,294,3
1.0956517298441608,1.1781219183737386,1,295,3
1.4237874162962867,0.9202371994228369,2,295,3
1.526304913545201,1.2537544755941632,3,295,3
1.344836089336042,0.5201238166744503,4,295,3
1.7566713350609864,0.42864569207206343,5,295,3
1.0483587246291477,0.826531691618785,1,296,3
0.5680288888892595,0.6479511192813008,2,296,3
2.324271169336094,1.3768375284479069,3,296,3
1.597482431613681,0.4411165473365533,4,296,3
1.4211713989127848,0.38313779946052773,5,296,3
2.1994759123746106,0.9737933508917196,1,297,3
1.0218155246589293,0.8764312209998566,2,297,3
2.438193652042442,1.659767134925374,3,297,3
2.3441106569469836,0.5672275887961709,4,297,3
2.1937339741667907,0.5584390481213973,5,297,3
-0.33567698195502604,1.0205651389931722,1,298,3
0.6604527268457221,0.578718313378405,2,298,3
1.9712281664378946,1.093928095171325,3,298,3
1.7153666280747273,0.5468746026158,4,298,3
2.431252057382726,0.4441269028052538,5,298,3
0.6634707290396948,1.0674849729004179,1,299,3
0.5314844037996327,0.5836420452993956,2,299,3
1.2623953544775752,0.8669615280500583,3,299,3
1.235014611199015,0.5257909520896706,4,299,3
1.8997019688338783,0.40692293055146844,5,299,3
0.07689755682210064,1.145505741420111,1,300,3
1.0379838386862832,0.7611407554897307,2,300,3
0.5945406345127222,0.9871871354140253,3,300,3
3.1115443995877916,0.5682853854101614,4,300,3
2.412405004105789,0.4403659998787991,5,300,3
0.4009550345634283,1.323920464695416,1,301,4
2.575549265823127,0.7819604912879304,2,301,4
1.6272710540672146,1.1942985243251414,3,301,4
0.7663261269893327,0.538561423008836,4,301,4
2.437690861374495,0.44322773930181414,5,301,4
1.69972330638605,0.8502891321976014,1,302,4
4.922874045907039,1.098968843554447,2,302,4
0.7783827440443791,0.8918870185200962,3,302,4
0.787191211402722,0.4318398330039849,4,302,4
2.8531554408077318,0.4298980856098308,5,302,4
3.4626621297676903,1.534801247468358,1,303,4
2.772089371954679,1.1837250458429647,2,303,4
0.8938494306685463,0.8007720853436804,3,303,4
1.3458061159492143,0.4198359742258692,4,303,4
2.6441334184903775,0.45751934465836586,5,303,4
1.4876779043724992,1.1444200803508324,1,304,4
2.306178746397278,0.9362113285672775,2,304,4
3.107817304787884,1.5804954962789346,3,304,4
0.8718179667298971,0.4341256774606405,4,304,4
2.836450242367754,0.43140970450404537,5,304,4
0.7303704624980396,1.4813913953166897,1,305,4
2.5850373791957084,0.8342802949639304,2,305,4
0.26820687245205344,0.7585558846476558,3,305,4
1.4285675524865327,0.4926552529553166,4,305,4
2.754702724873642,0.43508746860076375,5,305,4
0.6835727054274563,0.9906102649485741,1,306,4
-0.9008575870652278,0.6808518511343489,2,306,4
-1.203500809444669,1.470724060225903,3,306,4
1.3126383869848652,0.5199985578421259,4,306,4
2.814841530036918,0.41449478943541007,5,306,4
-0.3751751873996616,1.018266291555616,1,307,4
1.5818980167415662,0.8137435949953913,2,307,4
1.8974646097487868,1.3075744977514767,3,307,4
1.022536713118535,0.4589440956870693,4,307,4
2.7494049915027157,0.4234349360555439,5,307,4
1.0292774452422404,1.1238954872489344,1,308,4
0.965318432613266,0.6680671650376663,2,308,4
1.8312766172973154,1.0025041826047771,3,308,4
0.8531427231622546,0.45722170386338906,4,308,4
2.800984060899737,0.4130417230325019,5,308,4
0.2591801293387679,1.1186120782093805,1,309,4
1.9073289495718426,1.0207995481415872,2,309,4
0.4263357001648402,1.2093397746601555,3,309,4
0.8144390781921649,0.4928627462945055,4,309,4
2.78526375019388,0.43399325403472494,5,309,4
0.3229960639232621,1.029626179076199,1,310,4
0.9438146449409444,0.7169454999617987,2,310,4
0.8573764768893488,1.0972714593535517,3,310,4
1.3235481167824101,0.49682592848402024,4,310,4
3.2750298376443046,0.4361243236730496,5,310,4
1.9711106391519513,1.7358031633115298,1,311,4
0.9990941055206504,0.8298100662114388,2,311,4
2.8090073974814187,1.7551328620758795,3,311,4
1.2758673897103323,0.4557176748348256,4,311,4
2.6719010027233523,0.3843632857659814,5,311,4
0.10625878529431532,1.022199786069572,1,312,4
0.7654313813624163,0.6882712950494436,2,312,4
0.8685551644276153,1.2483184204167872,3,312,4
2.1548532518774985,0.499400840896736,4,312,4
2.4013190574126093,0.49832269315819083,5,312,4
0.07431451130242239,1.3074377630703702,1,313,4
1.52776868577096,0.8460480234903615,2,313,4
2.909213747647258,1.377746597490512,3,313,4
1.9068378284426113,0.4788183605112279,4,313,4
3.3828773837198844,0.44957328358139204,5,313,4
1.1612246331787612,1.1422200696895228,1,314,4
0.20197080044842775,0.8541886329737607,2,314,4
0.6254273010507032,1.0513262806507226,3,314,4
1.4524664057201484,0.4233572999168025,4,314,4
2.779022276402516,0.43157884767429516,5,314,4
0.436222537087922,1.5253575237560448,1,315,4
2.640214578473997,0.7977744358374057,2,315,4
1.3947782565658882,1.7221313205310462,3,315,4
1.1975938024832824,0.456532331590597,4,315,4
2.730684029239906,0.44249966736878044,5,315,4
1.6897638834796451,1.056495829113429,1,316,4
2.2929381069756807,0.9140486224534566,2,316,4
0.042453821087929944,0.745524398129596,3,316,4
1.864768597488304,0.459989026058902,4,316,4
2.447216681257257,0.4863493385759074,5,316,4
1.5826139475324297,1.0123127550656315,1,317,4
0.7599554510777988,0.6918959394426724,2,317,4
0.4052528495071308,1.1226764745942424,3,317,4
1.4703185358984605,0.46943969028040156,4,317,4
2.7020095456089437,0.4598689826152387,5,317,4
2.4955659141416535,0.935161360913091,1,318,4
-0.5055445812195787,0.7062693727982038,2,318,4
0.7300557129348606,1.1267830670169812,3,318,4
0.8013159376349601,0.4537387850503742,4,318,4
2.8092411267263677,0.46223456432198023,5,318,4
2.2943184470206974,1.4590171176158333,1,319,4
1.8529753111880476,0.9778947837016932,2,319,4
1.2036113567551183,1.0474330011657857,3,319,4
1.6195644704733487,0.4710180560702924,4,319,4
2.8520338874748417,0.46494782760243514,5,319,4
0.7510905418823419,1.2756293175781488,1,320,4
1.389778862116926,0.7926536600134264,2,320,4
0.56891011632480315,1.028839224328572,3,320,4
2.044926252651924,0.45451843571137435,4,320,4
2.158694021070854,0.465509513140909,5,320,4
2.523340195457693,0.9709783731474664,1,321,4
-0.32837575775333994,0.8494898223311727,2,321,4
1.2861726437190182,1.6302622667843645,3,321,4
1.306249362384981,0.48076948296958616,4,321,4
3.072004373779984,0.4153791438449372,5,321,4
1.0209055665296933,1.1310746808311334,1,322,4
-2.1563648044464543,1.3688725562305994,2,322,4
2.018013574668588,1.033794975595434,3,322,4
1.4025678122404939,0.4464642601115951,4,322,4
2.056135129558748,0.4282731730447807,5,322,4
1.6799353321938226,1.6250185132688384,1,323,4
1.488536744832758,0.920036030957391,2,323,4
0.5216205421539701,1.3013634225997504,3,323,4
1.8559931299033274,0.5137665092733057,4,323,4
3.5779485306942873,0.43181171723003614,5,323,4
1.5136933471408693,0.9154595174346055,1,324,4
0.6797096649225285,0.6174206401064289,2,324,4
-0.907516233484297,0.7784341876931996,3,324,4
1.8041360617563544,0.49785446579891707,4,324,4
2.8106147543527435,0.4293894238448165,5,324,4
2.4399813459342647,1.3511769019960775,1,325,4
-0.15957595935007873,0.6273399899389513,2,325,4
4.433571793866219,1.7077552229615378,3,325,4
1.3633802141638567,0.501438916520773,4,325,4
2.7510428759976486,0.4200039247791142,5,325,4
0.3544434081461665,1.036592375974602,1,326,4
0.7364852545438021,0.86535485288802,2,326,4
1.6998425791199088,1.2065071551934636,3,326,4
1.229243969595693,0.4660145492812173,4,326,4
2.9558045353286997,0.4447836155906763,5,326,4
0.8994356306281381,1.0458499927050602,1,327,4
1.0255310329395773,0.8135357353654424,2,327,4
0.34693671388934,0.7101868275215741,3,327,4
1.5115292800558873,0.5590869846797171,4,327,4
3.4203745102560315,0.4698410728447096,5,327,4
1.5009867757992765,1.3975298263613192,1,328,4
1.0837303022566926,0.8844233899399941,2,328,4
1.553621026378253,1.4205823054248992,3,328,4
1.7339918143219606,0.42280555143839216,4,328,4
2.4565098827646197,0.4086445294068603,5,328,4
1.710595952102186,1.110512270551429,1,329,4
0.7611201875567679,0.7566220476549199,2,329,4
0.4376328939042007,0.8516622256963498,3,329,4
1.2506384237616208,0.440372512430533,4,329,4
3.292392593048654,0.5901162768861793,5,329,4
0.2150432547793062,0.7191114143445767,1,330,4
0.9360049248358822,0.7212397108663587,2,330,4
2.230415856880387,1.2279016403942058,3,330,4
1.3470865002462729,0.4431767234375502,4,330,4
3.3307001568059116,0.4411124851477948,5,330,4
1.1312667168698738,1.2120254886901716,1,331,4
1.0555079751039638,0.9349118890314957,2,331,4
0.6315414093079545,1.2928431966831337,3,331,4
1.2593384953004323,0.41947907050480243,4,331,4
2.659950009730291,0.38760717089674496,5,331,4
1.4947816656067765,1.380519237481336,1,332,4
2.3368244189722094,0.8870841374116532,2,332,4
-0.19840883500942752,1.011174743907657,3,332,4
1.6894695339954597,0.47593792497390125,4,332,4
2.6818591343955127,0.39593200497315556,5,332,4
1.177683204032229,0.7966111360885767,1,333,4
3.258200187299014,0.7824980654171183,2,333,4
0.32360431412597146,0.9851412963917513,3,333,4
0.3557209809177948,0.5663118490148839,4,333,4
2.9902646649566798,0.4762753658914158,5,333,4
1.2311105348523146,0.8173213853285961,1,334,4
0.50564937512807,0.5909688903708172,2,334,4
0.04705667384738854,0.9822250572134555,3,334,4
1.5963751797255235,0.511279149648167,4,334,4
2.59226238100714,0.4208132397103094,5,334,4
0.7251823227748271,0.9450449852673913,1,335,4
3.0180090558223522,1.2121732870504647,2,335,4
1.3802428432363163,1.3265940999377217,3,335,4
1.7057720470154196,0.6196537432852032,4,335,4
2.3325268763286653,0.42392960576273425,5,335,4
1.8294834697377,1.0552482013341313,1,336,4
1.440615095615735,0.6986497806575203,2,336,4
0.6950575700151123,1.2188921892387206,3,336,4
0.5611502137597841,0.41701156894909164,4,336,4
3.3117429715188162,0.44825323270617906,5,336,4
2.2233059341339425,0.9887015027031516,1,337,4
1.2622282013762094,0.7578144491955794,2,337,4
1.7095073807414627,1.0936341998650705,3,337,4
0.6862213004967863,0.4946704262556889,4,337,4
2.6918883306461203,0.39740207182841075,5,337,4
0.6789397723522603,0.8346681653691649,1,338,4
0.266886451698388,1.4026856302006228,2,338,4
-0.08106685993617901,0.97439834407346,3,338,4
1.2459826552225297,0.470755121696685,4,338,4
2.2483118311289108,0.4467410932863474,5,338,4
0.16963904657088125,1.7393232044448808,1,339,4
0.8912289373665248,0.7061638916659568,2,339,4
3.430574060871063,1.6148701667475682,3,339,4
1.2767895318556621,0.42832110197019585,4,339,4
2.9124689663137633,0.44695013673013373,5,339,4
1.6951352704660207,1.076276491813956,1,340,4
2.4264325861213267,0.9135664879549619,2,340,4
0.032604638065285574,1.8047728432840497,3,340,4
0.6346795480970933,0.4798752551498672,4,340,4
3.26281218371238,0.4262802733105885,5,340,4
0.9935422107885898,1.975138436887056,1,341,4
2.372336554199398,0.773091462511721,2,341,4
2.4970058866974405,0.9242640961086073,3,341,4
2.029843677028949,0.5674942520727859,4,341,4
3.164510129310999,0.4400484971232784,5,341,4
0.7360793112362751,1.0639223802578215,1,342,4
2.6989159881889373,0.8717639926966878,2,342,4
0.3525237839875923,0.8681209373597392,3,342,4
1.95061886309563,0.5688843574951244,4,342,4
2.0967668836106075,0.42173454853726183,5,342,4
-2.245719239992793,1.2575927711979173,1,343,4
0.3808108486997388,0.8994220664856504,2,343,4
-0.36113022767168435,1.0043221239870037,3,343,4
2.4924535609898406,0.5887880002609975,4,343,4
2.4646527285317137,0.356891126063555,5,343,4
0.1653569660417955,0.9029243468207836,1,344,4
0.9861648358570041,0.7186581964457164,2,344,4
1.172566228772152,1.1692576924471816,3,344,4
1.2777192097205141,0.6145169278954237,4,344,4
2.12616397960029,0.3789734075785865,5,344,4
2.67507615853336,1.1616680698432085,1,345,4
-0.06461019999581907,0.6462429840712325,2,345,4
1.8320252927757128,1.1501132749973824,3,345,4
1.9499846905765736,0.4362628432423261,4,345,4
2.6810993554851428,0.44793796531918667,5,345,4
0.06128871477808051,1.3623777408459592,1,346,4
-0.06913765741129163,0.599145677150322,2,346,4
1.5630508970532158,1.5673869447808753,3,346,4
0.9814789696008033,0.44125877284320736,4,346,4
2.7096779147944927,0.45654439070879793,5,346,4
1.437454762167414,0.9023868944607202,1,347,4
0.7109974204484213,0.725426524216628,2,347,4
-0.006728767738203523,1.1187901477641577,3,347,4
2.3756288404258576,0.4910365484079785,4,347,4
2.344619554848038,0.4263012198275386,5,347,4
1.0669393713607174,0.8364456226453761,1,348,4
2.6348083494485444,1.2372685449423053,2,348,4
-0.31613170960812953,0.5802036746222026,3,348,4
1.431986272553866,0.49742265710321854,4,348,4
2.4579894125277377,0.4100686692259481,5,348,4
0.35207136678091366,0.6467628632943597,1,349,4
2.8486663814949322,1.0612119669100348,2,349,4
1.3696380693271137,1.020531510699716,3,349,4
1.1570000136623486,0.4521996516744982,4,349,4
3.3221702358173335,0.39738467884861367,5,349,4
1.494429181582149,1.0023668990968368,1,350,4
3.5915932742950916,0.9966920318623652,2,350,4
0.8238034322764483,1.1321074805301843,3,350,4
1.1862265682964366,0.48149069723335486,4,350,4
2.722299259154364,0.401193109037095,5,350,4
0.9494709357528819,1.0165436972470003,1,351,4
0.7549611860895737,0.7825024400548575,2,351,4
1.7913422594034705,1.0307192630464692,3,351,4
2.1039182519493758,0.5384710767068349,4,351,4
1.7425140184091545,0.43544135810919105,5,351,4
1.3498678782450977,0.8844004041507109,1,352,4
2.0041840616070776,0.7871921492833782,2,352,4
0.24592540691149667,0.8564058282300436,3,352,4
1.636006450452201,0.4409412754574884,4,352,4
2.0488476530985946,0.5106164261345957,5,352,4
1.4322588347344287,1.0111168935720758,1,353,4
2.539644245946154,0.8818460136494117,2,353,4
4.383838258549579,5.676945032149789,3,353,4
1.1389611839198155,0.5729747808882191,4,353,4
2.504158135448028,0.4459388234376282,5,353,4
0.9960443607382832,1.215170626728879,1,354,4
0.4320200284403448,0.6247235470894912,2,354,4
0.1924510992277746,4.868167126544785,3,354,4
1.772527098177631,0.44921587179609884,4,354,4
3.0123480192811356,0.4379173265861997,5,354,4
0.6975807857553518,0.9072751718868404,1,355,4
2.1208676682856713,0.8955524568283375,2,355,4
0.23883546487277485,2.272687433040042,3,355,4
1.238458872868792,0.5261321346091649,4,355,4
2.364736784638892,0.47646683969903686,5,355,4
0.9322140651844335,1.241265417979925,1,356,4
0.931753357261218,0.7620721050923968,2,356,4
2.086065197997776,1.748929781507676,3,356,4
1.3599619753556516,0.4673616507852072,4,356,4
2.518807298186436,0.4366015891814191,5,356,4
1.180400730382246,1.1278214916156784,1,357,4
4.761518352657648,1.4714507049249572,2,357,4
-1.03158940213748,3.066643081763951,3,357,4
1.1113208833787889,0.49555076388696284,4,357,4
2.778149302899523,0.38197349229223104,5,357,4
0.7589678074175996,0.8073350368435349,1,358,4
1.1031906991974543,0.8035876194567656,2,358,4
0.008252470071273166,1.123957294827867,3,358,4
1.7261931596500726,0.44293564293802407,4,358,4
3.2387616206691026,0.44848154435102383,5,358,4
0.4122273555529552,0.8924564506194805,1,359,4
1.4038269596396602,0.7024046524118417,2,359,4
0.6392195579376296,1.067521942922402,3,359,4
1.999514465610456,0.46998846568985325,4,359,4
2.671023202373519,0.3868582118556642,5,359,4
0.7684633545839057,0.6322096084398073,1,360,4
1.369563802116971,0.7608076776119799,2,360,4
1.6080923849329118,0.9329812915854397,3,360,4
0.4836526831784518,0.6642184461059776,4,360,4
3.029005826180646,0.42010943019382285,5,360,4
1.2642051730310064,0.8364913886145141,1,361,4
0.6845750570401283,0.7003457121900923,2,361,4
0.37200765459891283,1.1802166206051363,3,361,4
1.6478179603203045,0.48225023225628905,4,361,4
2.773558411189003,0.4422954712580097,5,361,4
0.4444776773036061,1.426559218518117,1,362,4
0.217308995977902,0.6916768241722736,2,362,4
1.7233945268083761,1.67519692848872,3,362,4
1.2520308705461636,0.45295217250597797,4,362,4
2.710438367798993,0.46882341238721886,5,362,4
-0.33694181387464095,1.6403806768307196,1,363,4
2.098359109359252,1.0464709126451484,2,363,4
2.642117051942267,1.2371162582161113,3,363,4
0.8658264660389801,0.5380702259025228,4,363,4
2.6873714414614605,0.49088853895211004,5,363,4
0.4233010063465015,0.9933844086131203,1,364,4
0.1077659723484139,0.5798403576667817,2,364,4
0.21113617417561859,1.1204482044023032,3,364,4
1.789557300400296,0.4428120849389788,4,364,4
2.6383425311766757,0.49363981493677206,5,364,4
0.4388493135307696,0.8357245933168785,1,365,4
2.3242947845662414,0.9898803548675966,2,365,4
1.2850306967817708,1.3968305801119036,3,365,4
1.6033084345178503,0.48043998893402273,4,365,4
2.4029170673798066,0.4029060970504795,5,365,4
-1.2133371330661018,0.9782131018438948,1,366,4
1.3431096524090917,0.7483924064211137,2,366,4
2.6666137514942614,1.2667261730471986,3,366,4
1.1628434543553623,0.46371465957529406,4,366,4
2.9426617304996885,0.4045565544114594,5,366,4
0.893590488886435,1.3776935561859203,1,367,4
0.7364139707924964,0.6314578014649224,2,367,4
0.5268285848375984,1.434659289654146,3,367,4
1.7813623763625595,0.4504290939090048,4,367,4
2.655980937510686,0.4589541918638769,5,367,4
0.2889632402053359,0.9544825698416107,1,368,4
0.9988954820738392,0.6551579070097612,2,368,4
1.672530878368118,0.9688880834842747,3,368,4
1.1889008158054843,0.4549682619341494,4,368,4
3.0108624677173395,0.5195322756591584,5,368,4
1.1303549499536225,0.9723925344831235,1,369,4
0.878990337800309,0.5993303132715982,2,369,4
2.874427740291863,1.584382908597298,3,369,4
1.363375818184176,0.5270168842627656,4,369,4
2.211648028055389,0.396543343558432,5,369,4
1.2345532243913526,1.2592661144270139,1,370,4
0.9924147257733607,0.9716542487393894,2,370,4
0.5961399698693985,1.2117349205607866,3,370,4
1.168710129388204,0.47693574297023583,4,370,4
2.18378477783387,0.4767489629074105,5,370,4
0.08282190096139352,0.7996695144868543,1,371,4
1.2264584655664974,0.6918906732365966,2,371,4
1.5594844489444561,1.196194340764159,3,371,4
1.4036274992495223,0.5290586406314721,4,371,4
3.0844587128336802,0.42110782345270603,5,371,4
0.8681049988396627,0.6901224332430868,1,372,4
1.4125733283941742,0.7168440961964835,2,372,4
0.5531186409133575,0.8531587754812742,3,372,4
1.191421622168522,0.43272620410248275,4,372,4
2.4660064760189004,0.419057602032492,5,372,4
-0.5238768821353865,0.9960176404967792,1,373,4
1.453518257766309,0.9783280904988788,2,373,4
-0.16623943848555622,0.9549517269000087,3,373,4
1.5813551751068191,0.5104849346128195,4,373,4
2.451033718665777,0.4179153796046286,5,373,4
0.399813195709533,0.8285343668641706,1,374,4
0.8459084046879357,0.6258760605230252,2,374,4
1.648398748188506,1.2724617828100422,3,374,4
1.5277840207730589,0.44389601163832854,4,374,4
2.1592075660756334,0.5741751084249032,5,374,4
1.530851955430565,1.2808043755176766,1,375,4
3.390609586485858,0.8238467893023854,2,375,4
0.4277601494819834,1.0259911753908983,3,375,4
1.990311512348205,0.48805599072325057,4,375,4
2.0314149668390002,0.4483481459963657,5,375,4
2.0918600846283186,0.9661552642451319,1,376,4
2.8392017307347004,0.7514223538627544,2,376,4
1.0522614283157044,1.7007605576590612,3,376,4
1.1757023818446117,0.4697590277832098,4,376,4
1.8874912464922238,0.42438485225226924,5,376,4
1.3198639017225573,0.827585937010148,1,377,4
0.8608701343411478,0.7403355853993828,2,377,4
-0.09800524568734836,1.2158221403616138,3,377,4
1.597938655671983,0.4608077603826385,4,377,4
2.705530563840925,0.415768268277486,5,377,4
1.1897948198751203,0.9259829529740088,1,378,4
2.1083714587868023,0.8457434961481335,2,378,4
1.8109162316152951,1.0632030603649485,3,378,4
0.7925076059580638,0.5052756361020081,4,378,4
2.9872407033331436,0.43298320003280577,5,378,4
3.5199547688504795,1.9650990468856235,1,379,4
-0.1012912144680902,0.5278202997976378,2,379,4
0.897841751285164,0.9058960359446874,3,379,4
1.7792222466787684,0.5241764148838335,4,379,4
3.1756799628210546,0.503067323968907,5,379,4
2.5972910745359172,1.3219276405285378,1,380,4
1.2307496339289625,1.0013780319536223,2,380,4
0.4905615198942792,1.1732673102627829,3,380,4
1.7743418070464116,0.46440847906009053,4,380,4
2.9711253904836044,0.41166634662905277,5,380,4
1.3248323920153373,1.1314142428272123,1,381,4
1.611713946006498,0.7319925507081648,2,381,4
5.160197166509767,4.1573959452774645,3,381,4
1.2380002786299351,0.5155401499640401,4,381,4
3.4659104680866015,0.41148238978890916,5,381,4
1.1936140949761804,0.9637793558262165,1,382,4
0.940474142735352,0.8135141956096008,2,382,4
2.3691489642496726,1.547387797995441,3,382,4
1.360399260465821,0.5370620118759193,4,382,4
2.5447657407818625,0.42192574123212256,5,382,4
-0.006306183455035974,1.2947715030902038,1,383,4
0.10330109927369602,0.5984512875346515,2,383,4
0.42185446714423525,1.593171606633716,3,383,4
1.5938718812175905,0.5017540287969712,4,383,4
2.598008478381103,0.4857378624752188,5,383,4
2.6278397821783606,1.299191601132739,1,384,4
0.3228116289020808,0.4883875647513837,2,384,4
0.5974956545689132,0.9862303141058467,3,384,4
1.1690131163513722,0.44703342812149516,4,384,4
3.0571819426156788,0.4285262827610908,5,384,4
1.0115295531641637,0.9029981298029242,1,385,4
0.24459201316279877,0.6995293538242864,2,385,4
0.6975010288892747,1.5011058662007695,3,385,4
0.5225405214788394,0.4767153458679383,4,385,4
3.506475659471433,0.4219956572412403,5,385,4
0.8817443923849222,1.061904969683203,1,386,4
1.367947044885371,0.8452592010808953,2,386,4
1.9049453405041805,1.160686628133786,3,386,4
1.33021854780469,0.4110287542205277,4,386,4
2.727325031367653,0.4125137853571651,5,386,4
-0.008356027718789516,1.0954623154474057,1,387,4
1.765856096676699,0.8678597558288511,2,387,4
-0.041438597084309414,1.0520720576942166,3,387,4
1.1261994713133734,0.44966938490215397,4,387,4
3.074001694033956,0.4854324457755089,5,387,4
0.8040736900348522,1.1266637314738777,1,388,4
2.339291936705891,1.0816253912620304,2,388,4
0.16117235959311849,1.6810959366415006,3,388,4
2.116541616122136,0.5167904073002458,4,388,4
2.724328300674091,0.41221555957799616,5,388,4
0.5618403869359017,0.7349784933665315,1,389,4
1.7551585902918276,0.8852646711390195,2,389,4
0.11477725665940364,0.9350389208272174,3,389,4
1.5978038638047143,0.4165050872610882,4,389,4
2.376130770128998,0.43356415707870233,5,389,4
0.3282468766281763,0.5927353843423172,1,390,4
1.6416200502790543,1.6411777995361103,2,390,4
-0.22435125948825796,2.266766042812759,3,390,4
0.9944923931271967,0.4968663881481368,4,390,4
3.5951475067938183,0.4244522171477688,5,390,4
4.083344132787034,1.6044738759688457,1,391,4
1.8647957127749746,1.036746016805358,2,391,4
0.27832665101033616,0.9738052836809442,3,391,4
1.6335568082180107,0.46748440164927285,4,391,4
3.176903247349615,0.4867853867759033,5,391,4
0.8047799730824559,0.8042885799096284,1,392,4
1.3038132515177194,0.7225251795239246,2,392,4
0.29946988725133084,0.925377207597605,3,392,4
0.488300985005377,0.44315693696040237,4,392,4
3.0108434213782567,0.387444768715389,5,392,4
0.167288210770431,0.8333373290273769,1,393,4
1.9973529100182572,0.6649112240311168,2,393,4
0.8647451157275663,0.9579962051627777,3,393,4
1.5144290582872602,0.5483789426570991,4,393,4
2.7071715866701,0.42217929788785397,5,393,4
1.2641127189311163,1.1091606820368984,1,394,4
1.2014046745914095,0.8129074687131221,2,394,4
-0.48596713312548534,1.1985349713378524,3,394,4
1.767984876947411,0.5024259803119602,4,394,4
2.3078901739300868,0.5029693415164294,5,394,4
0.6871026328919347,1.6789045103079325,1,395,4
-0.262974077580282,0.7790385815273609,2,395,4
2.1313947364979997,1.0331254072660323,3,395,4
0.3252594904763235,0.48914830273448545,4,395,4
2.3982516229231843,0.4136161145334593,5,395,4
1.0414418168018695,0.9946268282543845,1,396,4
1.5767680404712094,0.8058170234170863,2,396,4
0.5462849507884049,0.9517181538441283,3,396,4
0.24284386910379663,0.39710191638099906,4,396,4
2.048246489089138,0.47054824161166975,5,396,4
0.8978594594910971,0.7870868977454774,1,397,4
1.4198463001075412,1.104327224489655,2,397,4
0.9101692003702925,1.3516240618837299,3,397,4
2.077841239403115,0.4776720769390139,4,397,4
2.1699422231499934,0.40872842086295647,5,397,4
0.673095999275418,0.821196481961875,1,398,4
0.7289648910942579,0.6882867751653422,2,398,4
0.7128704988171157,0.8743411025739658,3,398,4
1.0776864388909804,0.4412487230902287,4,398,4
3.3211947389029253,0.42582504780012237,5,398,4
2.56113740205101,1.326889910406577,1,399,4
5.136444437993536,1.745483540903505,2,399,4
1.18216497388172,7.763268248026993,3,399,4
1.534437455142128,0.46673435178327044,4,399,4
2.9755595866318307,0.37043630883288065,5,399,4
0.39366912972054635,1.073343035179589,1,400,4
0.8758072863573974,0.8995438673681154,2,400,4
0.18565641103108987,1.0704627931049866,3,400,4
0.3641128498104287,0.43206891655205193,4,400,4
3.62605390157802,0.4916788149394547,5,400,4
